policy_id,customer_id,fuel,vehicle_segment,premium,bodily_injury_liability,personal_injury_protection,property_damage_liability,collision,comprehensive,date_of_purchase
12345,400,CNG,A,958,FALSE,FALSE,FALSE,TRUE,TRUE,1516060800
12346,401,CNG,A,1272,TRUE,FALSE,FALSE,FALSE,TRUE,1515024000
12347,402,CNG,A,2150,FALSE,TRUE,TRUE,TRUE,FALSE,1515283200
12348,403,CNG,A,2123,TRUE,FALSE,TRUE,TRUE,TRUE,1515283200
12349,404,CNG,A,1110,TRUE,TRUE,TRUE,TRUE,TRUE,1514764800
12350,405,CNG,A,1571,FALSE,FALSE,TRUE,FALSE,FALSE,1516579200
12351,406,CNG,A,1030,TRUE,TRUE,TRUE,TRUE,FALSE,1516320000
12352,407,CNG,A,1732,TRUE,TRUE,TRUE,FALSE,FALSE,1516665600
12353,408,CNG,A,2175,FALSE,FALSE,TRUE,FALSE,TRUE,1514764800
12354,409,CNG,A,1725,FALSE,FALSE,FALSE,TRUE,FALSE,1516406400
12355,410,CNG,A,1805,FALSE,TRUE,FALSE,TRUE,FALSE,1517097600
12356,411,CNG,A,1552,TRUE,TRUE,FALSE,FALSE,TRUE,1516147200
12357,412,CNG,A,1888,FALSE,TRUE,TRUE,TRUE,TRUE,1517184000
12358,413,CNG,A,1355,TRUE,FALSE,FALSE,TRUE,FALSE,1516233600
12359,414,CNG,A,2356,FALSE,FALSE,FALSE,FALSE,TRUE,1516320000
12360,415,CNG,A,2102,TRUE,FALSE,FALSE,TRUE,FALSE,1515196800
12361,416,CNG,A,1258,TRUE,TRUE,TRUE,TRUE,TRUE,1517011200
12362,417,CNG,A,2326,FALSE,TRUE,FALSE,TRUE,TRUE,1516492800
420,418,CNG,A,584,TRUE,TRUE,TRUE,TRUE,FALSE,1516752000
12364,419,CNG,A,2397,TRUE,TRUE,TRUE,FALSE,FALSE,1515369600
12365,420,CNG,A,1493,TRUE,FALSE,FALSE,FALSE,FALSE,1516665600
12366,420,CNG,A,661,FALSE,TRUE,TRUE,FALSE,FALSE,1514851200
12367,420,CNG,A,685,TRUE,TRUE,FALSE,TRUE,FALSE,1514937600
12368,420,CNG,A,1006,TRUE,TRUE,TRUE,TRUE,TRUE,1515369600
12369,420,CNG,A,1160,TRUE,FALSE,FALSE,TRUE,TRUE,1516060800
12370,420,CNG,A,1602,FALSE,FALSE,FALSE,TRUE,TRUE,1516838400
12371,420,CNG,A,2355,FALSE,TRUE,TRUE,TRUE,TRUE,1516838400
12372,420,CNG,A,1921,TRUE,TRUE,TRUE,FALSE,TRUE,1515110400
12373,420,CNG,A,2200,FALSE,TRUE,FALSE,TRUE,TRUE,1516492800
12374,420,CNG,A,2357,FALSE,TRUE,TRUE,TRUE,TRUE,1517011200
12375,420,CNG,A,1047,FALSE,TRUE,FALSE,TRUE,FALSE,1516579200
840,420,CNG,A,2089,FALSE,TRUE,FALSE,TRUE,FALSE,1515024000
12377,420,CNG,A,1780,FALSE,FALSE,FALSE,TRUE,TRUE,1515974400
12378,420,CNG,A,1035,TRUE,FALSE,TRUE,FALSE,FALSE,1516924800
12379,420,CNG,A,526,TRUE,TRUE,TRUE,FALSE,TRUE,1517184000
12380,420,CNG,A,1827,FALSE,FALSE,TRUE,TRUE,FALSE,1516406400
12381,420,CNG,A,2003,TRUE,TRUE,FALSE,TRUE,FALSE,1516752000
12382,420,CNG,A,1960,FALSE,TRUE,TRUE,TRUE,TRUE,1515369600
12383,420,CNG,A,1197,FALSE,TRUE,FALSE,TRUE,FALSE,1514937600
12384,420,CNG,A,614,FALSE,TRUE,FALSE,FALSE,TRUE,1516492800
12385,420,CNG,A,568,TRUE,TRUE,TRUE,FALSE,FALSE,1515456000
12386,420,CNG,A,2149,TRUE,FALSE,TRUE,TRUE,TRUE,1515715200
12387,420,CNG,A,1797,TRUE,FALSE,TRUE,FALSE,TRUE,1517011200
12388,420,CNG,A,1246,TRUE,FALSE,FALSE,FALSE,FALSE,1515888000
12389,420,CNG,A,1295,TRUE,TRUE,FALSE,FALSE,FALSE,1516752000
12390,420,CNG,A,642,FALSE,FALSE,TRUE,FALSE,TRUE,1516492800
12391,420,CNG,A,1979,TRUE,TRUE,TRUE,TRUE,TRUE,1515196800
12392,420,CNG,A,2327,FALSE,FALSE,TRUE,TRUE,TRUE,1515801600
12393,420,CNG,A,1025,TRUE,FALSE,FALSE,FALSE,TRUE,1515110400
12394,420,CNG,A,529,FALSE,FALSE,FALSE,FALSE,TRUE,1516665600
12395,420,CNG,A,2072,FALSE,FALSE,TRUE,FALSE,FALSE,1516060800
12396,420,CNG,A,2103,FALSE,FALSE,FALSE,TRUE,FALSE,1516233600
12397,420,CNG,A,1929,FALSE,TRUE,FALSE,FALSE,TRUE,1515974400
12398,420,CNG,A,2143,TRUE,FALSE,TRUE,TRUE,TRUE,1515801600
12399,420,CNG,A,2132,FALSE,FALSE,FALSE,TRUE,FALSE,1515628800
12400,420,CNG,A,1459,TRUE,FALSE,FALSE,FALSE,FALSE,1515801600
12401,420,CNG,A,1831,TRUE,TRUE,FALSE,FALSE,FALSE,1516147200
12402,420,CNG,A,1171,TRUE,TRUE,TRUE,FALSE,FALSE,1517270400
12403,420,CNG,A,1692,TRUE,FALSE,TRUE,TRUE,FALSE,1515542400
12404,420,CNG,A,1262,FALSE,TRUE,TRUE,FALSE,TRUE,1515628800
12405,420,CNG,A,2451,FALSE,TRUE,FALSE,FALSE,FALSE,1516665600
12406,420,CNG,A,1906,FALSE,FALSE,TRUE,TRUE,TRUE,1514937600
12407,420,CNG,A,2095,TRUE,FALSE,TRUE,TRUE,FALSE,1516752000
12408,420,CNG,A,1597,TRUE,FALSE,FALSE,TRUE,FALSE,1516406400
12409,420,CNG,A,2362,TRUE,TRUE,FALSE,TRUE,FALSE,1515974400
12410,420,CNG,A,1612,TRUE,TRUE,FALSE,TRUE,FALSE,1516147200
12411,420,CNG,A,711,FALSE,FALSE,FALSE,TRUE,TRUE,1516320000
12412,420,CNG,A,1771,TRUE,FALSE,TRUE,FALSE,TRUE,1517184000
12413,420,CNG,A,1301,FALSE,TRUE,FALSE,FALSE,TRUE,1516406400
12414,420,CNG,A,2411,TRUE,TRUE,FALSE,FALSE,TRUE,1516060800
12415,420,CNG,A,1065,FALSE,TRUE,FALSE,FALSE,TRUE,1515542400
12416,420,CNG,A,2393,TRUE,TRUE,TRUE,TRUE,FALSE,1515801600
12417,420,CNG,A,1837,TRUE,TRUE,TRUE,FALSE,FALSE,1515110400
12418,420,CNG,A,1598,FALSE,FALSE,TRUE,FALSE,FALSE,1514764800
12419,420,CNG,A,1072,TRUE,FALSE,TRUE,FALSE,TRUE,1517270400
12420,420,CNG,A,591,FALSE,FALSE,TRUE,FALSE,FALSE,1516838400
12421,420,CNG,A,1617,TRUE,TRUE,TRUE,FALSE,TRUE,1516233600
12422,420,CNG,A,1174,TRUE,FALSE,TRUE,TRUE,FALSE,1515024000
12423,420,CNG,A,2241,TRUE,TRUE,TRUE,FALSE,TRUE,1517097600
12424,420,CNG,A,2248,TRUE,TRUE,FALSE,TRUE,TRUE,1517356800
12425,420,CNG,A,2121,TRUE,TRUE,FALSE,FALSE,TRUE,1517011200
12426,420,CNG,A,1994,FALSE,FALSE,FALSE,FALSE,TRUE,1516838400
12427,420,CNG,A,2442,TRUE,TRUE,FALSE,FALSE,FALSE,1514764800
12428,420,CNG,A,1763,FALSE,TRUE,TRUE,FALSE,FALSE,1516665600
12429,420,CNG,A,1494,FALSE,FALSE,FALSE,TRUE,TRUE,1517097600
12430,420,CNG,A,2039,TRUE,FALSE,TRUE,TRUE,FALSE,1514937600
12431,420,CNG,A,898,TRUE,FALSE,FALSE,FALSE,FALSE,1517011200
12432,420,CNG,A,823,FALSE,FALSE,TRUE,TRUE,FALSE,1515715200
12433,420,CNG,A,1144,FALSE,TRUE,FALSE,FALSE,FALSE,1515628800
12434,420,CNG,A,1051,FALSE,FALSE,TRUE,FALSE,FALSE,1516665600
12435,420,CNG,A,1212,FALSE,FALSE,TRUE,FALSE,FALSE,1515542400
12436,420,CNG,A,1829,FALSE,TRUE,TRUE,FALSE,FALSE,1515801600
12437,420,CNG,A,1548,FALSE,FALSE,FALSE,TRUE,FALSE,1515974400
12438,420,CNG,A,1663,TRUE,TRUE,FALSE,TRUE,TRUE,1515196800
12439,420,CNG,A,1313,FALSE,FALSE,FALSE,TRUE,TRUE,1516665600
12440,420,CNG,A,1915,TRUE,TRUE,TRUE,FALSE,FALSE,1515024000
12441,420,CNG,A,1888,FALSE,FALSE,FALSE,TRUE,TRUE,1515369600
12442,420,CNG,A,694,TRUE,TRUE,TRUE,FALSE,FALSE,1516320000
12443,420,CNG,A,637,FALSE,FALSE,TRUE,TRUE,FALSE,1515110400
12444,420,CNG,A,1959,TRUE,TRUE,FALSE,FALSE,TRUE,1518220800
12445,420,CNG,A,1673,FALSE,TRUE,TRUE,TRUE,TRUE,1518048000
12446,420,CNG,A,934,TRUE,FALSE,TRUE,FALSE,TRUE,1517443200
12447,420,CNG,A,2391,TRUE,FALSE,FALSE,TRUE,FALSE,1519344000
12448,420,CNG,A,2246,TRUE,FALSE,FALSE,TRUE,FALSE,1519084800
12449,420,CNG,A,1328,FALSE,TRUE,TRUE,FALSE,FALSE,1517616000
12450,420,CNG,A,2455,TRUE,TRUE,TRUE,TRUE,TRUE,1518480000
12451,420,CNG,A,1611,FALSE,TRUE,FALSE,TRUE,FALSE,1519516800
12452,420,CNG,A,2256,TRUE,FALSE,FALSE,TRUE,FALSE,1517616000
12453,420,CNG,A,1284,FALSE,FALSE,FALSE,FALSE,FALSE,1519603200
12454,420,CNG,A,2067,TRUE,TRUE,FALSE,TRUE,FALSE,1517788800
12455,420,CNG,A,1477,TRUE,FALSE,FALSE,TRUE,FALSE,1518307200
12456,420,CNG,A,865,FALSE,FALSE,FALSE,FALSE,TRUE,1518912000
12457,420,CNG,A,1662,FALSE,FALSE,FALSE,TRUE,TRUE,1517443200
12458,420,CNG,A,1870,FALSE,FALSE,FALSE,FALSE,FALSE,1517616000
12459,420,CNG,A,626,TRUE,TRUE,TRUE,TRUE,FALSE,1517788800
12460,420,CNG,A,1658,TRUE,FALSE,TRUE,TRUE,FALSE,1518307200
12461,420,CNG,A,1168,FALSE,TRUE,FALSE,TRUE,TRUE,1518739200
12462,420,CNG,A,1083,FALSE,FALSE,TRUE,TRUE,FALSE,1517529600
12463,420,CNG,A,2253,FALSE,TRUE,FALSE,TRUE,FALSE,1517875200
12464,420,CNG,A,708,TRUE,TRUE,TRUE,FALSE,TRUE,1517788800
12465,420,CNG,A,2254,TRUE,TRUE,FALSE,TRUE,FALSE,1518566400
12466,420,CNG,A,1092,FALSE,TRUE,FALSE,FALSE,TRUE,1518652800
12467,420,CNG,A,778,TRUE,FALSE,FALSE,FALSE,TRUE,1519603200
12468,420,CNG,A,1041,FALSE,FALSE,TRUE,TRUE,TRUE,1518652800
12469,420,CNG,A,2310,FALSE,FALSE,TRUE,TRUE,FALSE,1517616000
12470,420,CNG,A,2339,TRUE,TRUE,TRUE,TRUE,FALSE,1519516800
12471,420,CNG,A,2218,FALSE,FALSE,TRUE,FALSE,TRUE,1518393600
12472,420,CNG,A,1628,TRUE,TRUE,FALSE,FALSE,TRUE,1518307200
12473,420,CNG,A,850,TRUE,FALSE,TRUE,TRUE,FALSE,1518739200
12474,420,CNG,A,618,FALSE,TRUE,FALSE,TRUE,TRUE,1518566400
12475,420,CNG,A,2128,FALSE,FALSE,FALSE,TRUE,FALSE,1519257600
12476,420,CNG,A,1213,TRUE,FALSE,FALSE,TRUE,TRUE,1518739200
12477,420,CNG,A,749,TRUE,FALSE,TRUE,FALSE,TRUE,1517702400
12478,420,CNG,A,2420,FALSE,FALSE,TRUE,FALSE,TRUE,1518566400
12479,420,CNG,A,1231,FALSE,TRUE,FALSE,TRUE,FALSE,1518048000
12480,420,CNG,A,510,FALSE,TRUE,FALSE,FALSE,TRUE,1519689600
12481,420,CNG,A,2376,FALSE,TRUE,TRUE,FALSE,TRUE,1518566400
12482,420,CNG,A,1746,TRUE,TRUE,FALSE,TRUE,FALSE,1519689600
12483,420,CNG,A,1533,FALSE,FALSE,FALSE,FALSE,TRUE,1519171200
12484,420,CNG,A,901,TRUE,TRUE,TRUE,FALSE,FALSE,1518998400
12485,420,CNG,A,2021,FALSE,FALSE,TRUE,TRUE,FALSE,1517702400
12486,420,CNG,A,1570,FALSE,FALSE,FALSE,FALSE,TRUE,1519257600
12487,420,CNG,A,2338,FALSE,FALSE,TRUE,TRUE,FALSE,1518998400
12488,420,CNG,A,1065,FALSE,FALSE,TRUE,FALSE,TRUE,1518220800
12489,420,CNG,A,2227,FALSE,TRUE,FALSE,FALSE,FALSE,1518566400
12490,420,CNG,A,1721,TRUE,FALSE,FALSE,FALSE,FALSE,1518739200
12491,420,CNG,A,1914,FALSE,FALSE,TRUE,TRUE,FALSE,1517788800
12492,420,CNG,A,1149,FALSE,FALSE,FALSE,FALSE,FALSE,1518220800
12493,420,CNG,A,2033,FALSE,FALSE,TRUE,TRUE,TRUE,1519084800
12494,420,CNG,A,2025,FALSE,FALSE,FALSE,TRUE,FALSE,1519257600
12495,420,CNG,A,743,TRUE,FALSE,TRUE,FALSE,FALSE,1518393600
12496,420,CNG,A,1044,TRUE,FALSE,TRUE,FALSE,TRUE,1518912000
12497,420,CNG,A,1404,TRUE,FALSE,TRUE,FALSE,FALSE,1519516800
12498,420,CNG,A,1569,TRUE,TRUE,TRUE,FALSE,FALSE,1519257600
12499,420,CNG,A,1477,TRUE,FALSE,TRUE,FALSE,TRUE,1517443200
12500,420,CNG,A,1464,TRUE,TRUE,FALSE,TRUE,TRUE,1518825600
12501,420,CNG,A,2487,TRUE,TRUE,FALSE,FALSE,TRUE,1519084800
12502,420,CNG,A,2205,FALSE,TRUE,TRUE,TRUE,FALSE,1518652800
12503,420,CNG,A,2148,FALSE,FALSE,TRUE,FALSE,TRUE,1517875200
12504,420,CNG,A,2006,TRUE,TRUE,FALSE,TRUE,FALSE,1519516800
12505,420,CNG,A,2168,TRUE,TRUE,FALSE,FALSE,TRUE,1519689600
12506,420,CNG,A,1574,FALSE,TRUE,TRUE,FALSE,FALSE,1517529600
12507,420,CNG,A,1764,TRUE,FALSE,FALSE,TRUE,TRUE,1517529600
12508,420,CNG,A,2484,TRUE,TRUE,TRUE,TRUE,FALSE,1517875200
12509,420,CNG,A,640,TRUE,FALSE,TRUE,TRUE,FALSE,1517875200
12510,420,CNG,A,663,FALSE,FALSE,TRUE,TRUE,FALSE,1518393600
12511,420,CNG,A,1504,FALSE,FALSE,FALSE,FALSE,FALSE,1519257600
12512,420,CNG,A,1908,FALSE,TRUE,FALSE,TRUE,TRUE,1518825600
12513,420,CNG,A,519,FALSE,FALSE,FALSE,FALSE,TRUE,1518048000
12514,420,CNG,A,1475,TRUE,TRUE,TRUE,TRUE,FALSE,1517788800
12515,420,CNG,A,1663,TRUE,FALSE,TRUE,TRUE,FALSE,1519689600
12516,420,CNG,A,1179,FALSE,TRUE,FALSE,FALSE,FALSE,1518566400
12517,420,CNG,A,898,FALSE,TRUE,TRUE,FALSE,TRUE,1518825600
12518,420,CNG,A,641,TRUE,FALSE,TRUE,TRUE,FALSE,1518048000
12519,420,CNG,A,1002,FALSE,FALSE,TRUE,FALSE,FALSE,1519430400
12520,420,CNG,A,2253,TRUE,FALSE,TRUE,TRUE,TRUE,1519516800
12521,420,CNG,A,1100,TRUE,FALSE,FALSE,TRUE,TRUE,1518220800
12522,420,CNG,A,2316,FALSE,TRUE,TRUE,TRUE,TRUE,1518998400
12523,420,CNG,A,2387,TRUE,FALSE,TRUE,TRUE,TRUE,1518566400
12524,420,CNG,A,2193,FALSE,TRUE,FALSE,TRUE,FALSE,1519171200
12525,420,CNG,A,2484,TRUE,FALSE,FALSE,FALSE,TRUE,1519257600
12526,420,CNG,A,1835,FALSE,FALSE,TRUE,TRUE,TRUE,1519430400
12527,420,CNG,A,2310,FALSE,FALSE,TRUE,TRUE,FALSE,1518480000
12528,420,CNG,A,545,TRUE,TRUE,FALSE,FALSE,FALSE,1517875200
12529,420,CNG,A,1924,TRUE,FALSE,FALSE,TRUE,TRUE,1519171200
12530,420,CNG,A,615,TRUE,TRUE,TRUE,FALSE,FALSE,1518393600
12531,420,CNG,A,727,TRUE,TRUE,TRUE,FALSE,TRUE,1517529600
12532,420,CNG,A,685,FALSE,TRUE,FALSE,TRUE,TRUE,1518220800
12533,420,CNG,A,2390,FALSE,FALSE,TRUE,TRUE,TRUE,1517529600
12534,420,CNG,A,709,TRUE,FALSE,TRUE,FALSE,TRUE,1519430400
12535,420,CNG,A,910,FALSE,TRUE,TRUE,FALSE,FALSE,1519689600
12536,420,CNG,A,1030,FALSE,TRUE,TRUE,FALSE,FALSE,1518998400
12537,420,CNG,A,1538,TRUE,FALSE,TRUE,TRUE,TRUE,1518739200
12538,420,CNG,A,600,FALSE,TRUE,TRUE,FALSE,FALSE,1518825600
12539,420,CNG,A,540,TRUE,TRUE,FALSE,FALSE,TRUE,1519171200
12540,420,CNG,A,997,TRUE,TRUE,TRUE,FALSE,FALSE,1518739200
12541,420,CNG,A,2086,FALSE,FALSE,FALSE,TRUE,TRUE,1518307200
12542,420,CNG,A,2491,TRUE,FALSE,FALSE,TRUE,FALSE,1518652800
12543,420,CNG,A,651,TRUE,TRUE,TRUE,FALSE,TRUE,1519257600
12544,420,CNG,A,1359,TRUE,TRUE,TRUE,TRUE,FALSE,1519344000
12545,420,CNG,A,1109,TRUE,FALSE,TRUE,FALSE,TRUE,1521676800
12546,420,CNG,A,2347,TRUE,TRUE,TRUE,TRUE,FALSE,1521763200
12547,420,CNG,A,966,FALSE,FALSE,TRUE,TRUE,TRUE,1521331200
12548,420,CNG,A,935,FALSE,TRUE,FALSE,TRUE,FALSE,1520380800
12549,420,CNG,A,2191,FALSE,TRUE,FALSE,FALSE,FALSE,1522108800
12550,420,CNG,A,1245,FALSE,TRUE,FALSE,TRUE,FALSE,1521331200
12551,420,CNG,A,2448,FALSE,FALSE,TRUE,TRUE,FALSE,1520208000
12552,420,CNG,A,525,FALSE,TRUE,TRUE,FALSE,TRUE,1522281600
12553,420,CNG,A,1214,TRUE,FALSE,FALSE,TRUE,TRUE,1519948800
12554,420,CNG,A,836,TRUE,TRUE,FALSE,TRUE,FALSE,1520640000
12555,420,CNG,A,525,TRUE,TRUE,FALSE,FALSE,FALSE,1520035200
12556,420,CNG,A,1640,FALSE,TRUE,FALSE,FALSE,FALSE,1522108800
12557,420,CNG,A,554,TRUE,FALSE,FALSE,FALSE,FALSE,1519948800
12558,420,CNG,A,599,FALSE,TRUE,TRUE,TRUE,FALSE,1521504000
12559,420,CNG,A,1269,TRUE,TRUE,TRUE,TRUE,FALSE,1522368000
12560,420,CNG,A,838,TRUE,FALSE,FALSE,TRUE,TRUE,1521849600
12561,420,CNG,A,745,TRUE,FALSE,TRUE,FALSE,TRUE,1521331200
12562,420,CNG,A,1349,TRUE,FALSE,TRUE,TRUE,FALSE,1522195200
12563,420,CNG,A,646,TRUE,FALSE,FALSE,TRUE,FALSE,1521676800
12564,420,CNG,A,1322,TRUE,TRUE,TRUE,TRUE,FALSE,1519862400
12565,420,CNG,A,1050,FALSE,FALSE,TRUE,FALSE,FALSE,1522368000
12566,420,CNG,A,2114,FALSE,TRUE,FALSE,FALSE,FALSE,1521763200
12567,420,CNG,A,1674,FALSE,FALSE,TRUE,TRUE,TRUE,1521763200
12568,420,CNG,A,690,TRUE,TRUE,TRUE,TRUE,FALSE,1522368000
12569,420,CNG,A,1679,TRUE,FALSE,TRUE,FALSE,FALSE,1521763200
12570,420,CNG,A,1634,TRUE,FALSE,TRUE,TRUE,TRUE,1520640000
12571,420,CNG,A,1241,TRUE,TRUE,TRUE,FALSE,TRUE,1521331200
12572,420,CNG,A,774,TRUE,TRUE,TRUE,FALSE,FALSE,1520726400
12573,420,CNG,A,1049,TRUE,FALSE,TRUE,TRUE,FALSE,1521072000
12574,420,CNG,A,697,FALSE,FALSE,FALSE,TRUE,TRUE,1520208000
12575,420,CNG,A,653,FALSE,TRUE,FALSE,FALSE,FALSE,1520640000
12576,420,CNG,A,1908,TRUE,FALSE,FALSE,TRUE,FALSE,1520640000
12577,420,CNG,A,2445,FALSE,FALSE,TRUE,FALSE,TRUE,1520985600
12578,420,CNG,A,613,TRUE,FALSE,TRUE,FALSE,TRUE,1521590400
12579,420,CNG,A,1560,TRUE,FALSE,TRUE,TRUE,TRUE,1521590400
12580,420,CNG,A,1651,FALSE,TRUE,FALSE,FALSE,TRUE,1521676800
12581,420,CNG,A,2490,TRUE,TRUE,TRUE,FALSE,TRUE,1520035200
12582,420,CNG,A,1669,FALSE,FALSE,TRUE,FALSE,FALSE,1520640000
12583,420,CNG,A,1774,TRUE,FALSE,TRUE,FALSE,FALSE,1520553600
12584,420,CNG,A,1556,TRUE,FALSE,TRUE,TRUE,FALSE,1522195200
12585,420,CNG,A,890,TRUE,TRUE,TRUE,FALSE,FALSE,1520467200
12586,420,CNG,A,1169,FALSE,FALSE,FALSE,TRUE,TRUE,1520553600
12587,420,CNG,A,1479,FALSE,FALSE,TRUE,TRUE,TRUE,1521504000
12588,420,CNG,A,1103,FALSE,FALSE,FALSE,FALSE,TRUE,1521936000
12589,420,CNG,A,1747,TRUE,TRUE,TRUE,TRUE,FALSE,1521936000
12590,420,CNG,A,2047,TRUE,TRUE,TRUE,FALSE,FALSE,1521676800
12591,420,CNG,A,878,TRUE,TRUE,TRUE,TRUE,FALSE,1520467200
12592,420,CNG,A,2073,TRUE,TRUE,FALSE,TRUE,FALSE,1521936000
12593,420,CNG,A,519,FALSE,TRUE,TRUE,FALSE,FALSE,1520121600
12594,420,CNG,A,1215,TRUE,TRUE,FALSE,FALSE,FALSE,1521590400
12595,420,CNG,A,1821,FALSE,TRUE,TRUE,FALSE,FALSE,1521936000
12596,420,CNG,A,598,TRUE,FALSE,TRUE,TRUE,FALSE,1545782400
12597,420,CNG,A,1768,FALSE,FALSE,FALSE,TRUE,FALSE,1544400000
12598,420,CNG,A,1821,TRUE,FALSE,FALSE,TRUE,FALSE,1544400000
12599,420,CNG,A,2093,FALSE,FALSE,TRUE,FALSE,FALSE,1545868800
12600,420,CNG,A,727,FALSE,TRUE,TRUE,FALSE,TRUE,1543622400
12601,420,CNG,A,2038,TRUE,TRUE,FALSE,FALSE,FALSE,1545523200
12602,420,CNG,A,1830,TRUE,TRUE,FALSE,TRUE,FALSE,1545782400
12603,420,CNG,A,1607,FALSE,TRUE,FALSE,TRUE,FALSE,1545696000
12604,420,CNG,A,1591,TRUE,FALSE,FALSE,TRUE,TRUE,1544054400
12605,420,CNG,A,856,TRUE,TRUE,FALSE,FALSE,TRUE,1545264000
12606,420,CNG,A,2135,TRUE,FALSE,FALSE,TRUE,TRUE,1545696000
12607,420,CNG,A,854,TRUE,TRUE,FALSE,FALSE,FALSE,1546128000
12608,420,CNG,A,2202,TRUE,FALSE,TRUE,FALSE,TRUE,1544140800
12609,420,CNG,A,1282,FALSE,FALSE,TRUE,TRUE,TRUE,1543622400
12610,420,CNG,A,1975,TRUE,TRUE,FALSE,TRUE,FALSE,1543622400
12611,420,CNG,A,1390,TRUE,FALSE,TRUE,FALSE,TRUE,1544572800
12612,420,CNG,A,642,FALSE,TRUE,TRUE,FALSE,FALSE,1545177600
12613,420,CNG,A,1453,TRUE,FALSE,FALSE,FALSE,TRUE,1544313600
12614,420,CNG,A,2031,FALSE,FALSE,FALSE,TRUE,TRUE,1544486400
12615,420,CNG,A,2212,TRUE,FALSE,FALSE,TRUE,FALSE,1544054400
12616,420,CNG,A,902,FALSE,FALSE,TRUE,TRUE,TRUE,1543795200
12617,420,CNG,A,2365,FALSE,TRUE,TRUE,FALSE,TRUE,1545955200
12618,420,CNG,A,733,TRUE,TRUE,TRUE,FALSE,FALSE,1545696000
12619,420,CNG,A,2266,TRUE,TRUE,FALSE,FALSE,TRUE,1544313600
12620,420,CNG,A,2373,TRUE,TRUE,FALSE,TRUE,FALSE,1521244800
12621,420,CNG,A,776,TRUE,FALSE,FALSE,FALSE,FALSE,1520035200
12622,420,CNG,A,1729,TRUE,TRUE,FALSE,FALSE,FALSE,1522195200
12623,420,CNG,A,2437,FALSE,TRUE,TRUE,TRUE,TRUE,1522368000
12624,420,CNG,A,1173,FALSE,FALSE,FALSE,FALSE,TRUE,1522022400
12625,420,CNG,A,751,FALSE,TRUE,TRUE,TRUE,TRUE,1519862400
12626,420,CNG,A,2499,TRUE,TRUE,FALSE,FALSE,FALSE,1521590400
12627,420,CNG,A,2292,TRUE,FALSE,FALSE,FALSE,FALSE,1521763200
12628,420,CNG,A,1359,FALSE,FALSE,TRUE,FALSE,TRUE,1520467200
12629,420,CNG,A,613,FALSE,FALSE,TRUE,FALSE,FALSE,1520467200
12630,420,CNG,A,694,TRUE,TRUE,TRUE,TRUE,FALSE,1522022400
12631,420,CNG,A,585,TRUE,FALSE,TRUE,FALSE,FALSE,1521590400
12632,420,CNG,A,1965,FALSE,TRUE,FALSE,FALSE,FALSE,1519862400
12633,420,CNG,A,1414,FALSE,FALSE,FALSE,FALSE,FALSE,1520640000
12634,420,CNG,A,1015,FALSE,FALSE,TRUE,FALSE,FALSE,1521158400
12635,420,CNG,A,1074,FALSE,FALSE,TRUE,FALSE,FALSE,1522195200
12636,420,CNG,A,1583,TRUE,TRUE,FALSE,FALSE,TRUE,1521849600
12637,420,CNG,A,873,FALSE,FALSE,FALSE,FALSE,FALSE,1520726400
12638,420,CNG,A,1650,FALSE,TRUE,FALSE,TRUE,TRUE,1520035200
12639,420,CNG,A,2104,TRUE,TRUE,TRUE,TRUE,FALSE,1521849600
12640,420,CNG,A,1328,FALSE,FALSE,TRUE,TRUE,TRUE,1521158400
12641,420,CNG,A,2390,TRUE,FALSE,FALSE,FALSE,FALSE,1521504000
12642,420,CNG,A,948,FALSE,FALSE,TRUE,FALSE,FALSE,1520726400
12643,420,CNG,A,1116,TRUE,TRUE,TRUE,FALSE,FALSE,1520294400
12644,420,CNG,A,1101,TRUE,FALSE,FALSE,TRUE,TRUE,1519948800
12645,420,CNG,A,1302,TRUE,TRUE,FALSE,TRUE,TRUE,1524528000
12646,420,CNG,A,1895,FALSE,TRUE,FALSE,TRUE,TRUE,1522800000
12647,420,CNG,A,1601,FALSE,TRUE,FALSE,FALSE,FALSE,1524528000
12648,420,CNG,A,1110,TRUE,FALSE,TRUE,FALSE,TRUE,1524528000
12649,420,CNG,A,2049,TRUE,FALSE,TRUE,FALSE,TRUE,1522972800
12650,420,CNG,A,598,TRUE,FALSE,FALSE,TRUE,FALSE,1523923200
12651,420,CNG,A,1023,FALSE,TRUE,FALSE,FALSE,TRUE,1524873600
12652,420,CNG,A,1638,TRUE,TRUE,FALSE,TRUE,TRUE,1523491200
12653,420,CNG,A,2076,TRUE,TRUE,FALSE,FALSE,TRUE,1523404800
12654,420,CNG,A,738,FALSE,TRUE,TRUE,TRUE,FALSE,1524614400
12655,420,CNG,A,1869,FALSE,FALSE,TRUE,FALSE,FALSE,1523577600
12656,420,CNG,A,2455,TRUE,FALSE,FALSE,TRUE,TRUE,1524355200
12657,420,CNG,A,1506,FALSE,FALSE,TRUE,TRUE,FALSE,1522972800
12658,420,CNG,A,1615,TRUE,FALSE,FALSE,TRUE,FALSE,1524096000
12659,420,CNG,A,2399,TRUE,FALSE,FALSE,TRUE,FALSE,1524441600
12660,420,CNG,A,761,FALSE,TRUE,FALSE,FALSE,FALSE,1523836800
12661,420,CNG,A,1553,TRUE,FALSE,FALSE,TRUE,TRUE,1524096000
12662,420,CNG,A,1873,FALSE,TRUE,TRUE,FALSE,FALSE,1524096000
12663,420,CNG,A,2190,FALSE,TRUE,TRUE,TRUE,TRUE,1524528000
12664,420,CNG,A,1150,TRUE,FALSE,FALSE,FALSE,FALSE,1524355200
12665,420,CNG,A,2495,TRUE,TRUE,TRUE,TRUE,TRUE,1522972800
12666,420,CNG,A,1211,TRUE,FALSE,TRUE,TRUE,FALSE,1523318400
12667,420,CNG,A,1944,FALSE,FALSE,FALSE,FALSE,FALSE,1524355200
12668,420,CNG,A,795,FALSE,TRUE,TRUE,FALSE,TRUE,1522972800
12669,420,CNG,A,1726,FALSE,TRUE,TRUE,TRUE,TRUE,1524441600
12670,420,CNG,A,1412,TRUE,FALSE,FALSE,TRUE,TRUE,1524700800
12671,420,CNG,A,681,TRUE,FALSE,TRUE,TRUE,FALSE,1524096000
12672,420,CNG,A,1428,TRUE,TRUE,FALSE,FALSE,FALSE,1523145600
12673,420,CNG,A,1891,TRUE,FALSE,FALSE,TRUE,TRUE,1523145600
12674,420,CNG,A,621,TRUE,TRUE,FALSE,FALSE,TRUE,1523404800
12675,420,CNG,A,1475,FALSE,FALSE,FALSE,TRUE,FALSE,1523491200
12676,420,CNG,A,2205,FALSE,TRUE,FALSE,TRUE,TRUE,1524960000
12677,420,CNG,A,555,TRUE,FALSE,FALSE,TRUE,FALSE,1524614400
12678,420,CNG,A,2437,FALSE,TRUE,FALSE,TRUE,TRUE,1524009600
12679,420,CNG,A,1837,FALSE,FALSE,TRUE,TRUE,TRUE,1524700800
12680,420,CNG,A,1798,TRUE,FALSE,TRUE,FALSE,TRUE,1522886400
12681,420,CNG,A,1759,FALSE,FALSE,FALSE,TRUE,FALSE,1524873600
12682,420,CNG,A,2125,FALSE,FALSE,TRUE,FALSE,FALSE,1523059200
12683,420,CNG,A,1429,FALSE,TRUE,FALSE,TRUE,TRUE,1522540800
12684,420,CNG,A,548,TRUE,FALSE,TRUE,TRUE,TRUE,1524787200
12685,420,CNG,A,2081,TRUE,TRUE,TRUE,FALSE,FALSE,1523059200
12686,420,CNG,A,940,TRUE,FALSE,FALSE,FALSE,TRUE,1523923200
12687,420,CNG,A,1835,TRUE,TRUE,TRUE,FALSE,TRUE,1524182400
12688,420,CNG,A,744,TRUE,FALSE,FALSE,FALSE,TRUE,1523664000
12689,420,CNG,A,1193,FALSE,FALSE,TRUE,FALSE,TRUE,1523750400
12690,420,CNG,A,1328,FALSE,FALSE,FALSE,FALSE,TRUE,1522886400
12691,420,CNG,A,1752,TRUE,TRUE,TRUE,TRUE,TRUE,1523318400
12692,420,CNG,A,614,TRUE,FALSE,FALSE,TRUE,TRUE,1524441600
12693,420,CNG,A,644,FALSE,FALSE,TRUE,FALSE,TRUE,1524873600
12694,420,CNG,A,2362,FALSE,TRUE,TRUE,FALSE,FALSE,1522713600
12695,420,CNG,A,1450,TRUE,FALSE,FALSE,FALSE,FALSE,1524268800
12696,420,CNG,A,2032,FALSE,TRUE,TRUE,FALSE,FALSE,1522627200
12697,420,CNG,A,516,FALSE,FALSE,FALSE,FALSE,FALSE,1523491200
12698,420,CNG,A,513,FALSE,TRUE,TRUE,FALSE,FALSE,1525046400
12699,420,CNG,A,677,TRUE,TRUE,TRUE,TRUE,TRUE,1524614400
12700,755,CNG,A,2050,TRUE,FALSE,FALSE,TRUE,TRUE,1524441600
12701,756,CNG,A,785,FALSE,TRUE,FALSE,TRUE,FALSE,1523318400
12702,757,CNG,A,1770,TRUE,TRUE,FALSE,FALSE,TRUE,1523491200
12703,758,CNG,A,2437,FALSE,FALSE,TRUE,FALSE,TRUE,1522713600
12704,759,CNG,A,595,FALSE,FALSE,TRUE,TRUE,FALSE,1523664000
12705,760,CNG,A,1868,TRUE,TRUE,FALSE,TRUE,FALSE,1523923200
12706,761,CNG,A,1300,FALSE,TRUE,FALSE,FALSE,TRUE,1522540800
12707,762,CNG,A,1830,FALSE,FALSE,TRUE,TRUE,FALSE,1524700800
12708,763,CNG,A,1893,FALSE,TRUE,TRUE,TRUE,FALSE,1522800000
12709,764,CNG,A,1256,FALSE,TRUE,TRUE,FALSE,FALSE,1524960000
12710,765,CNG,A,839,TRUE,FALSE,FALSE,TRUE,FALSE,1524960000
12711,766,CNG,A,1954,FALSE,FALSE,FALSE,TRUE,FALSE,1523836800
12712,767,CNG,A,2001,TRUE,TRUE,FALSE,FALSE,FALSE,1523491200
12713,768,CNG,A,1375,TRUE,TRUE,TRUE,TRUE,TRUE,1522800000
12714,769,CNG,A,1134,FALSE,FALSE,FALSE,FALSE,TRUE,1524614400
12715,770,CNG,A,2239,FALSE,FALSE,FALSE,FALSE,FALSE,1524614400
12716,771,CNG,A,2445,TRUE,FALSE,FALSE,TRUE,FALSE,1523750400
12717,772,CNG,A,1095,FALSE,FALSE,FALSE,FALSE,TRUE,1523577600
12718,773,CNG,A,2326,TRUE,FALSE,TRUE,FALSE,FALSE,1525046400
12719,774,CNG,A,1169,FALSE,FALSE,FALSE,TRUE,FALSE,1522972800
12720,775,CNG,A,1186,TRUE,FALSE,FALSE,FALSE,TRUE,1524355200
12721,776,CNG,A,1362,FALSE,TRUE,FALSE,FALSE,FALSE,1523404800
12722,777,CNG,A,1091,FALSE,TRUE,FALSE,TRUE,FALSE,1524873600
12723,778,CNG,A,1133,FALSE,FALSE,FALSE,TRUE,FALSE,1523923200
12724,779,CNG,A,1657,TRUE,TRUE,FALSE,TRUE,FALSE,1524355200
12725,780,CNG,A,1265,FALSE,FALSE,FALSE,FALSE,FALSE,1523923200
12726,781,CNG,A,2162,TRUE,FALSE,FALSE,FALSE,FALSE,1523664000
12727,782,CNG,A,1675,FALSE,TRUE,TRUE,TRUE,FALSE,1524873600
12728,783,CNG,A,1066,TRUE,TRUE,TRUE,FALSE,TRUE,1523145600
12729,784,CNG,A,1008,TRUE,FALSE,FALSE,TRUE,TRUE,1522972800
12730,785,CNG,A,508,FALSE,FALSE,TRUE,TRUE,FALSE,1523664000
12731,786,CNG,A,708,TRUE,FALSE,FALSE,TRUE,FALSE,1524614400
12732,787,CNG,A,2129,TRUE,TRUE,TRUE,TRUE,TRUE,1523318400
12733,788,CNG,A,1633,FALSE,TRUE,FALSE,TRUE,TRUE,1523491200
12734,789,CNG,A,954,TRUE,TRUE,TRUE,FALSE,FALSE,1523059200
12735,790,CNG,A,1413,TRUE,TRUE,TRUE,TRUE,FALSE,1522972800
12736,791,CNG,A,1674,FALSE,FALSE,TRUE,FALSE,TRUE,1524009600
12737,792,CNG,A,2246,TRUE,TRUE,FALSE,FALSE,TRUE,1522713600
12738,793,CNG,A,1700,FALSE,TRUE,FALSE,TRUE,TRUE,1524441600
12739,794,CNG,A,782,TRUE,TRUE,TRUE,TRUE,TRUE,1523059200
12740,795,CNG,A,2069,FALSE,FALSE,TRUE,FALSE,TRUE,1522886400
12741,796,CNG,A,1932,TRUE,TRUE,TRUE,FALSE,FALSE,1522627200
12742,797,CNG,A,1389,TRUE,TRUE,FALSE,TRUE,FALSE,1524441600
12743,798,CNG,A,1378,FALSE,FALSE,FALSE,TRUE,TRUE,1522886400
12744,799,CNG,A,1142,TRUE,TRUE,TRUE,FALSE,FALSE,1524528000
12745,800,CNG,A,1305,TRUE,TRUE,FALSE,TRUE,FALSE,1523404800
12746,801,CNG,A,790,TRUE,FALSE,TRUE,TRUE,TRUE,1524787200
12747,802,CNG,A,811,FALSE,TRUE,TRUE,FALSE,FALSE,1525046400
12748,803,CNG,A,1860,FALSE,TRUE,FALSE,TRUE,TRUE,1524700800
12749,804,CNG,A,1858,FALSE,TRUE,FALSE,FALSE,FALSE,1522972800
12750,805,CNG,A,1981,TRUE,FALSE,TRUE,TRUE,TRUE,1523836800
12751,806,CNG,A,1654,FALSE,TRUE,FALSE,FALSE,FALSE,1523404800
12752,807,CNG,A,2449,FALSE,TRUE,TRUE,FALSE,TRUE,1524096000
12753,808,CNG,A,2087,TRUE,TRUE,FALSE,FALSE,FALSE,1523577600
12754,809,CNG,A,1815,FALSE,TRUE,FALSE,TRUE,TRUE,1524960000
12755,810,CNG,A,781,TRUE,TRUE,TRUE,TRUE,TRUE,1524700800
12756,811,CNG,A,2428,TRUE,FALSE,FALSE,FALSE,FALSE,1522886400
12757,812,CNG,A,587,FALSE,TRUE,TRUE,TRUE,FALSE,1524787200
12758,813,CNG,A,1897,TRUE,FALSE,TRUE,TRUE,FALSE,1522627200
12759,814,CNG,A,517,FALSE,TRUE,FALSE,TRUE,TRUE,1524960000
12760,815,CNG,A,1705,FALSE,TRUE,TRUE,TRUE,FALSE,1522627200
12761,816,CNG,A,912,TRUE,FALSE,TRUE,TRUE,FALSE,1523059200
12762,817,CNG,A,2204,TRUE,TRUE,TRUE,FALSE,FALSE,1522627200
12763,818,CNG,A,2207,FALSE,TRUE,TRUE,FALSE,FALSE,1522627200
12764,819,CNG,A,1943,FALSE,FALSE,TRUE,TRUE,FALSE,1524441600
12765,820,CNG,A,1625,FALSE,TRUE,TRUE,TRUE,FALSE,1524960000
12766,821,CNG,A,762,TRUE,FALSE,TRUE,TRUE,FALSE,1525046400
12767,822,CNG,A,1595,FALSE,FALSE,FALSE,TRUE,FALSE,1523577600
12768,823,CNG,A,625,FALSE,FALSE,FALSE,FALSE,FALSE,1524787200
12769,824,CNG,A,1484,FALSE,FALSE,FALSE,FALSE,FALSE,1523232000
12770,825,CNG,A,1604,TRUE,TRUE,TRUE,FALSE,TRUE,1525046400
12771,826,CNG,A,1046,FALSE,FALSE,TRUE,TRUE,TRUE,1523145600
12772,827,CNG,A,694,FALSE,FALSE,TRUE,FALSE,TRUE,1522972800
12773,828,CNG,A,1248,TRUE,TRUE,TRUE,FALSE,TRUE,1523923200
12774,829,CNG,A,2111,TRUE,FALSE,TRUE,FALSE,TRUE,1522627200
12775,830,CNG,A,1648,FALSE,TRUE,TRUE,TRUE,TRUE,1522800000
12776,831,CNG,A,630,FALSE,FALSE,FALSE,FALSE,FALSE,1524268800
12777,832,CNG,A,1829,FALSE,FALSE,FALSE,FALSE,FALSE,1524096000
12778,833,CNG,A,2113,FALSE,FALSE,FALSE,FALSE,FALSE,1524268800
12779,834,CNG,A,734,TRUE,TRUE,FALSE,TRUE,FALSE,1524009600
12780,835,CNG,A,2177,TRUE,FALSE,TRUE,FALSE,TRUE,1523145600
12781,836,CNG,A,1923,FALSE,FALSE,TRUE,FALSE,TRUE,1523059200
12782,837,CNG,A,1340,FALSE,TRUE,FALSE,FALSE,TRUE,1524009600
12783,838,CNG,A,1282,TRUE,FALSE,FALSE,TRUE,FALSE,1523750400
12784,839,CNG,A,2479,TRUE,TRUE,FALSE,TRUE,TRUE,1522886400
12785,840,CNG,A,1206,FALSE,TRUE,TRUE,TRUE,FALSE,1523404800
12786,840,CNG,A,1116,TRUE,FALSE,FALSE,FALSE,TRUE,1524441600
12787,840,CNG,A,1845,FALSE,TRUE,FALSE,TRUE,FALSE,1524528000
12788,840,CNG,A,600,FALSE,TRUE,FALSE,FALSE,TRUE,1523836800
12789,840,CNG,A,812,TRUE,TRUE,TRUE,FALSE,FALSE,1522540800
12790,840,CNG,A,2278,TRUE,TRUE,FALSE,TRUE,FALSE,1524700800
12791,840,CNG,A,1488,TRUE,FALSE,TRUE,FALSE,FALSE,1522886400
12792,840,CNG,A,1445,FALSE,TRUE,FALSE,FALSE,TRUE,1524873600
12793,840,CNG,A,1677,TRUE,FALSE,FALSE,FALSE,FALSE,1523750400
12794,840,CNG,A,2143,FALSE,FALSE,FALSE,FALSE,TRUE,1523059200
12795,840,CNG,A,1124,FALSE,TRUE,TRUE,TRUE,FALSE,1523232000
12796,840,CNG,A,2076,TRUE,FALSE,FALSE,FALSE,TRUE,1524960000
12797,840,CNG,A,614,FALSE,FALSE,FALSE,FALSE,TRUE,1524182400
12798,840,CNG,A,854,TRUE,FALSE,TRUE,FALSE,TRUE,1524355200
12799,840,CNG,A,861,TRUE,FALSE,FALSE,FALSE,FALSE,1524355200
12800,840,CNG,A,2323,TRUE,FALSE,FALSE,TRUE,FALSE,1523923200
12801,840,CNG,A,508,FALSE,FALSE,FALSE,TRUE,TRUE,1524960000
12802,840,CNG,A,1484,TRUE,FALSE,TRUE,TRUE,FALSE,1523491200
12803,840,CNG,A,1273,FALSE,TRUE,TRUE,FALSE,FALSE,1524268800
12804,840,CNG,A,796,FALSE,TRUE,FALSE,TRUE,FALSE,1523750400
12805,840,CNG,A,681,FALSE,TRUE,TRUE,TRUE,FALSE,1524700800
12806,840,CNG,A,1639,TRUE,TRUE,TRUE,TRUE,TRUE,1522713600
12807,840,CNG,A,791,FALSE,FALSE,TRUE,TRUE,TRUE,1523750400
12808,840,CNG,A,845,TRUE,TRUE,TRUE,FALSE,TRUE,1522972800
12809,840,CNG,A,920,FALSE,TRUE,FALSE,TRUE,FALSE,1523145600
12810,840,CNG,A,2123,FALSE,FALSE,FALSE,TRUE,TRUE,1524614400
12811,840,CNG,A,1973,TRUE,FALSE,FALSE,FALSE,FALSE,1523059200
12812,840,CNG,A,2234,FALSE,FALSE,TRUE,TRUE,TRUE,1523836800
12813,840,CNG,A,1988,FALSE,FALSE,FALSE,FALSE,FALSE,1523664000
12814,840,CNG,A,2366,TRUE,TRUE,FALSE,FALSE,FALSE,1523836800
12815,840,CNG,A,1773,TRUE,FALSE,TRUE,FALSE,FALSE,1523750400
12816,840,CNG,A,1017,TRUE,FALSE,TRUE,FALSE,FALSE,1523232000
12817,840,CNG,A,1008,TRUE,TRUE,TRUE,FALSE,TRUE,1523145600
12818,840,CNG,A,1088,TRUE,FALSE,FALSE,TRUE,TRUE,1524268800
12819,840,CNG,A,923,TRUE,FALSE,TRUE,FALSE,TRUE,1523145600
12820,840,CNG,A,813,TRUE,FALSE,TRUE,FALSE,TRUE,1522886400
12821,840,CNG,A,1982,TRUE,TRUE,TRUE,TRUE,TRUE,1524009600
12822,840,CNG,A,549,TRUE,TRUE,FALSE,TRUE,TRUE,1524182400
12823,840,CNG,A,1389,FALSE,FALSE,TRUE,FALSE,TRUE,1524355200
12824,840,CNG,A,2268,FALSE,FALSE,FALSE,TRUE,TRUE,1524096000
12825,840,CNG,A,770,TRUE,TRUE,FALSE,FALSE,TRUE,1524268800
12826,840,CNG,A,887,TRUE,FALSE,TRUE,TRUE,FALSE,1524700800
12827,840,CNG,A,1758,TRUE,FALSE,TRUE,TRUE,FALSE,1523923200
12828,840,CNG,A,1018,TRUE,FALSE,TRUE,FALSE,TRUE,1523491200
12829,840,CNG,A,2162,TRUE,TRUE,FALSE,TRUE,FALSE,1523232000
12830,840,CNG,A,860,FALSE,TRUE,TRUE,TRUE,TRUE,1524268800
12831,840,CNG,A,1319,FALSE,TRUE,TRUE,FALSE,FALSE,1524528000
12832,840,CNG,A,1918,TRUE,TRUE,TRUE,TRUE,FALSE,1523145600
12833,840,CNG,A,732,FALSE,TRUE,TRUE,TRUE,FALSE,1522800000
12834,840,CNG,A,1019,TRUE,TRUE,FALSE,TRUE,FALSE,1522540800
12835,840,CNG,A,2415,FALSE,TRUE,TRUE,FALSE,FALSE,1524700800
12836,840,CNG,A,1538,TRUE,FALSE,TRUE,TRUE,FALSE,1524009600
12837,840,CNG,A,2279,TRUE,FALSE,TRUE,TRUE,FALSE,1524182400
12838,840,CNG,A,2218,FALSE,FALSE,FALSE,FALSE,FALSE,1524700800
12839,840,CNG,A,1653,TRUE,FALSE,TRUE,FALSE,FALSE,1524182400
12840,840,CNG,A,2436,TRUE,TRUE,TRUE,FALSE,TRUE,1523232000
12841,840,CNG,A,1673,FALSE,FALSE,FALSE,TRUE,FALSE,1524096000
12842,840,CNG,A,2332,FALSE,FALSE,FALSE,TRUE,TRUE,1522713600
12843,840,CNG,A,959,FALSE,FALSE,TRUE,FALSE,TRUE,1524096000
12844,840,CNG,A,837,TRUE,FALSE,FALSE,TRUE,TRUE,1524787200
12845,840,CNG,A,2434,FALSE,FALSE,TRUE,TRUE,FALSE,1525219200
12846,840,CNG,A,1778,TRUE,TRUE,FALSE,TRUE,TRUE,1525737600
12847,840,CNG,A,2417,FALSE,FALSE,TRUE,TRUE,TRUE,1527379200
12848,840,CNG,A,1775,TRUE,TRUE,FALSE,FALSE,FALSE,1525651200
12849,840,CNG,A,1210,FALSE,TRUE,FALSE,TRUE,FALSE,1527379200
12850,840,CNG,A,568,FALSE,TRUE,TRUE,TRUE,TRUE,1527379200
12851,840,CNG,A,724,TRUE,FALSE,TRUE,TRUE,FALSE,1526947200
12852,840,CNG,A,1760,TRUE,TRUE,TRUE,TRUE,TRUE,1525219200
12853,840,CNG,A,1345,TRUE,TRUE,TRUE,TRUE,FALSE,1526169600
12854,840,CNG,A,2094,TRUE,TRUE,FALSE,FALSE,FALSE,1525478400
12855,840,CNG,A,2241,TRUE,TRUE,TRUE,FALSE,FALSE,1527206400
12856,840,CNG,A,1488,TRUE,TRUE,FALSE,TRUE,TRUE,1525305600
12857,840,CNG,A,1028,TRUE,TRUE,TRUE,TRUE,TRUE,1527465600
12858,840,CNG,A,1252,FALSE,FALSE,TRUE,TRUE,FALSE,1525824000
12859,840,CNG,A,2445,FALSE,FALSE,TRUE,FALSE,FALSE,1525910400
12860,840,CNG,A,1525,TRUE,FALSE,TRUE,TRUE,FALSE,1525996800
12861,840,CNG,A,1157,TRUE,FALSE,FALSE,TRUE,FALSE,1525910400
12862,840,CNG,A,902,TRUE,FALSE,FALSE,TRUE,FALSE,1526947200
12863,840,CNG,A,2082,FALSE,FALSE,FALSE,TRUE,FALSE,1525132800
12864,840,CNG,A,1723,TRUE,TRUE,FALSE,TRUE,TRUE,1526947200
12865,840,CNG,A,1532,FALSE,FALSE,TRUE,TRUE,TRUE,1525564800
12866,840,CNG,A,972,FALSE,FALSE,TRUE,FALSE,FALSE,1526256000
12867,840,CNG,A,1089,FALSE,TRUE,FALSE,TRUE,TRUE,1525478400
12868,840,CNG,A,2400,TRUE,TRUE,TRUE,TRUE,TRUE,1525996800
12869,840,CNG,A,1667,TRUE,TRUE,TRUE,TRUE,FALSE,1526947200
12870,840,CNG,A,908,TRUE,TRUE,FALSE,TRUE,TRUE,1527638400
12871,840,CNG,A,1719,TRUE,FALSE,TRUE,FALSE,TRUE,1525910400
12872,840,CNG,A,1148,FALSE,TRUE,TRUE,FALSE,FALSE,1527120000
12873,840,CNG,A,1412,FALSE,TRUE,FALSE,FALSE,TRUE,1526342400
12874,840,CNG,A,1291,TRUE,FALSE,FALSE,TRUE,FALSE,1525564800
12875,840,CNG,A,1211,TRUE,FALSE,TRUE,TRUE,TRUE,1525564800
12876,840,CNG,A,995,TRUE,FALSE,TRUE,TRUE,FALSE,1525651200
12877,840,CNG,A,724,TRUE,TRUE,TRUE,TRUE,FALSE,1527638400
12878,840,CNG,A,1177,TRUE,FALSE,FALSE,TRUE,TRUE,1525219200
12879,840,CNG,A,2403,FALSE,FALSE,FALSE,TRUE,FALSE,1526083200
12880,840,CNG,A,1134,FALSE,TRUE,FALSE,FALSE,FALSE,1525824000
12881,840,CNG,A,2419,TRUE,TRUE,TRUE,TRUE,FALSE,1526169600
12882,840,CNG,A,1049,FALSE,TRUE,TRUE,TRUE,TRUE,1526774400
12883,840,CNG,A,1123,FALSE,TRUE,FALSE,FALSE,FALSE,1525564800
12884,840,CNG,A,1571,TRUE,FALSE,TRUE,FALSE,TRUE,1525219200
12885,840,CNG,A,1540,TRUE,FALSE,TRUE,FALSE,TRUE,1526515200
12886,840,CNG,A,2154,TRUE,TRUE,FALSE,TRUE,TRUE,1526342400
12887,840,CNG,A,1188,TRUE,TRUE,TRUE,FALSE,TRUE,1526083200
12888,840,CNG,A,2465,TRUE,TRUE,TRUE,FALSE,FALSE,1525651200
12889,840,CNG,A,1972,FALSE,FALSE,FALSE,FALSE,TRUE,1525737600
12890,840,CNG,A,947,FALSE,TRUE,TRUE,FALSE,FALSE,1526860800
12891,840,CNG,A,2032,FALSE,TRUE,FALSE,TRUE,TRUE,1526256000
12892,840,CNG,A,1409,FALSE,TRUE,TRUE,FALSE,TRUE,1526083200
12893,840,CNG,A,1353,FALSE,TRUE,FALSE,TRUE,TRUE,1525219200
12894,840,CNG,A,2449,TRUE,TRUE,FALSE,TRUE,FALSE,1525996800
12895,840,CNG,A,1602,TRUE,FALSE,TRUE,FALSE,TRUE,1527638400
12896,840,CNG,A,1400,FALSE,FALSE,TRUE,FALSE,TRUE,1526688000
12897,840,CNG,A,915,FALSE,FALSE,TRUE,TRUE,TRUE,1527552000
12898,840,CNG,A,601,FALSE,FALSE,TRUE,TRUE,TRUE,1525219200
12899,840,CNG,A,1898,TRUE,FALSE,FALSE,FALSE,FALSE,1525824000
12900,840,CNG,A,1852,TRUE,TRUE,FALSE,TRUE,TRUE,1526256000
12901,840,CNG,A,686,TRUE,FALSE,FALSE,TRUE,TRUE,1526428800
12902,840,CNG,A,1914,FALSE,TRUE,TRUE,FALSE,TRUE,1527552000
12903,840,CNG,A,689,FALSE,TRUE,TRUE,FALSE,TRUE,1525564800
12904,840,CNG,A,776,TRUE,TRUE,FALSE,TRUE,FALSE,1526256000
12905,840,CNG,A,1399,FALSE,FALSE,TRUE,FALSE,TRUE,1526342400
12906,840,CNG,A,2344,FALSE,FALSE,TRUE,FALSE,TRUE,1525651200
12907,840,CNG,A,1010,TRUE,TRUE,TRUE,TRUE,TRUE,1527120000
12908,840,CNG,A,1988,FALSE,TRUE,FALSE,TRUE,TRUE,1527379200
12909,840,CNG,A,634,FALSE,TRUE,TRUE,FALSE,FALSE,1525478400
12910,840,CNG,A,2100,FALSE,FALSE,TRUE,TRUE,FALSE,1526083200
12911,840,CNG,A,635,TRUE,TRUE,FALSE,FALSE,TRUE,1526342400
12912,840,CNG,A,1829,TRUE,TRUE,TRUE,TRUE,FALSE,1525996800
12913,840,CNG,A,582,TRUE,FALSE,FALSE,TRUE,TRUE,1526515200
12914,840,CNG,A,1884,TRUE,FALSE,FALSE,FALSE,FALSE,1527638400
12915,840,CNG,A,2203,FALSE,TRUE,TRUE,FALSE,FALSE,1527292800
12916,840,CNG,A,946,TRUE,FALSE,FALSE,TRUE,FALSE,1526688000
12917,840,CNG,A,716,FALSE,TRUE,TRUE,TRUE,TRUE,1525219200
12918,840,CNG,A,1625,FALSE,TRUE,FALSE,TRUE,TRUE,1526169600
12919,840,CNG,A,837,FALSE,FALSE,FALSE,TRUE,FALSE,1525996800
12920,840,CNG,A,2469,TRUE,TRUE,TRUE,FALSE,TRUE,1526688000
12921,840,CNG,A,1162,FALSE,FALSE,TRUE,FALSE,TRUE,1526515200
12922,840,CNG,A,1565,FALSE,FALSE,TRUE,TRUE,FALSE,1526428800
12923,840,CNG,A,2313,TRUE,FALSE,FALSE,TRUE,FALSE,1526601600
12924,840,CNG,A,741,TRUE,FALSE,FALSE,TRUE,TRUE,1526083200
12925,840,CNG,A,1845,TRUE,FALSE,TRUE,FALSE,FALSE,1525651200
12926,840,CNG,A,1325,FALSE,TRUE,TRUE,FALSE,TRUE,1526860800
12927,840,CNG,A,1570,TRUE,TRUE,TRUE,FALSE,TRUE,1526860800
12928,840,CNG,A,2209,FALSE,FALSE,TRUE,TRUE,TRUE,1526515200
12929,840,CNG,A,538,FALSE,TRUE,FALSE,TRUE,FALSE,1527120000
12930,840,CNG,A,1895,TRUE,TRUE,TRUE,TRUE,TRUE,1526860800
12931,840,CNG,A,2182,FALSE,TRUE,FALSE,TRUE,TRUE,1527638400
12932,840,CNG,A,1483,TRUE,TRUE,FALSE,FALSE,TRUE,1527033600
12933,840,CNG,A,1241,TRUE,FALSE,TRUE,TRUE,FALSE,1525478400
12934,840,CNG,A,1256,FALSE,FALSE,TRUE,FALSE,FALSE,1527206400
12935,840,CNG,A,2340,FALSE,FALSE,FALSE,TRUE,FALSE,1526515200
12936,840,CNG,A,2365,FALSE,TRUE,TRUE,FALSE,FALSE,1527033600
12937,840,CNG,A,651,TRUE,TRUE,FALSE,FALSE,FALSE,1527292800
12938,840,CNG,A,2141,FALSE,TRUE,FALSE,FALSE,TRUE,1527638400
12939,840,CNG,A,1358,FALSE,TRUE,TRUE,TRUE,TRUE,1527206400
12940,995,CNG,A,2094,TRUE,FALSE,FALSE,FALSE,FALSE,1526428800
12941,996,CNG,A,1962,FALSE,TRUE,TRUE,TRUE,FALSE,1526601600
12942,997,CNG,A,2055,TRUE,FALSE,TRUE,FALSE,FALSE,1527638400
12943,998,CNG,A,1542,TRUE,FALSE,TRUE,TRUE,TRUE,1526947200
12944,999,CNG,A,1339,FALSE,TRUE,TRUE,TRUE,FALSE,1526688000
12945,1000,CNG,A,2284,TRUE,FALSE,TRUE,FALSE,TRUE,1529539200
12946,1001,CNG,A,1340,TRUE,TRUE,TRUE,TRUE,TRUE,1530230400
12947,1002,CNG,A,2041,FALSE,FALSE,FALSE,FALSE,TRUE,1528761600
12948,1003,CNG,A,861,TRUE,FALSE,FALSE,TRUE,FALSE,1528502400
12949,1004,CNG,B,1047,TRUE,TRUE,FALSE,FALSE,FALSE,1529625600
12950,1005,CNG,B,2001,TRUE,FALSE,FALSE,FALSE,FALSE,1528934400
12951,1006,CNG,B,1327,FALSE,FALSE,FALSE,FALSE,TRUE,1529971200
12952,1007,CNG,B,2367,FALSE,FALSE,TRUE,FALSE,TRUE,1529539200
12953,1008,CNG,B,1829,TRUE,FALSE,FALSE,TRUE,FALSE,1530057600
12954,1009,CNG,B,1744,FALSE,FALSE,TRUE,TRUE,TRUE,1528502400
12955,1010,CNG,B,878,FALSE,TRUE,FALSE,FALSE,FALSE,1528243200
12956,1011,Petrol,B,641,FALSE,FALSE,FALSE,TRUE,TRUE,1528675200
12957,1012,Petrol,B,1096,TRUE,TRUE,TRUE,TRUE,TRUE,1529971200
12958,1013,Petrol,B,1761,TRUE,FALSE,FALSE,TRUE,TRUE,1529539200
12959,1014,Petrol,B,875,TRUE,FALSE,FALSE,TRUE,TRUE,1529020800
12960,1015,Petrol,B,698,FALSE,TRUE,FALSE,FALSE,FALSE,1527811200
12961,1016,Petrol,B,1251,TRUE,TRUE,FALSE,FALSE,FALSE,1530316800
12962,1017,Petrol,B,1500,TRUE,TRUE,FALSE,FALSE,TRUE,1529193600
12963,1018,Petrol,B,2422,TRUE,FALSE,TRUE,FALSE,TRUE,1530316800
12964,1019,Petrol,B,1197,TRUE,FALSE,TRUE,TRUE,TRUE,1529625600
12965,1020,Petrol,B,1507,TRUE,TRUE,TRUE,FALSE,TRUE,1527811200
12966,1021,Petrol,B,609,FALSE,FALSE,TRUE,FALSE,TRUE,1530144000
12967,1022,Petrol,B,1339,TRUE,FALSE,TRUE,FALSE,TRUE,1529884800
12968,1023,Petrol,B,1730,FALSE,FALSE,TRUE,FALSE,FALSE,1528329600
12969,1024,Petrol,B,2164,TRUE,TRUE,TRUE,TRUE,TRUE,1527811200
12970,1025,Petrol,B,1791,FALSE,FALSE,TRUE,FALSE,TRUE,1529712000
12971,1026,Petrol,B,759,TRUE,TRUE,TRUE,FALSE,FALSE,1529280000
12972,1027,Petrol,B,1199,TRUE,FALSE,FALSE,TRUE,FALSE,1528934400
12973,1028,Petrol,B,1214,TRUE,TRUE,TRUE,TRUE,TRUE,1530144000
12974,1029,Petrol,B,2104,TRUE,FALSE,TRUE,FALSE,TRUE,1528848000
12975,1030,Petrol,B,538,TRUE,FALSE,TRUE,FALSE,TRUE,1528502400
12976,1031,Petrol,B,1951,FALSE,FALSE,TRUE,FALSE,FALSE,1530057600
12977,1032,Petrol,B,804,FALSE,TRUE,TRUE,FALSE,TRUE,1529280000
12978,1033,Petrol,B,1778,TRUE,FALSE,TRUE,FALSE,FALSE,1528416000
12979,1034,Petrol,B,1368,FALSE,FALSE,FALSE,FALSE,TRUE,1529625600
12980,1035,Petrol,B,1744,FALSE,TRUE,TRUE,TRUE,TRUE,1529539200
12981,1036,Petrol,B,844,TRUE,FALSE,FALSE,FALSE,TRUE,1528588800
12982,1037,Petrol,B,1769,TRUE,TRUE,TRUE,TRUE,TRUE,1528761600
12983,1038,Petrol,B,873,TRUE,TRUE,TRUE,TRUE,FALSE,1527897600
12984,1039,Petrol,B,2088,TRUE,TRUE,FALSE,FALSE,TRUE,1528329600
12985,1040,Petrol,B,520,FALSE,TRUE,FALSE,TRUE,FALSE,1528070400
12986,1041,Petrol,B,1642,TRUE,TRUE,FALSE,TRUE,TRUE,1528761600
12987,1042,Petrol,B,1261,TRUE,TRUE,TRUE,FALSE,TRUE,1529971200
12988,1043,Petrol,B,2266,FALSE,FALSE,TRUE,TRUE,FALSE,1529798400
12989,1044,Petrol,B,2302,FALSE,FALSE,TRUE,TRUE,TRUE,1530057600
12990,1045,Petrol,B,2191,FALSE,TRUE,TRUE,FALSE,TRUE,1528329600
12991,1046,Petrol,B,620,TRUE,FALSE,FALSE,TRUE,FALSE,1530230400
12992,1047,Petrol,B,874,TRUE,TRUE,TRUE,FALSE,TRUE,1528588800
12993,1048,Petrol,B,1217,TRUE,FALSE,TRUE,FALSE,TRUE,1529280000
12994,1049,Petrol,B,586,FALSE,TRUE,FALSE,TRUE,FALSE,1528934400
12995,1050,Petrol,B,972,FALSE,TRUE,TRUE,FALSE,TRUE,1529366400
12996,1051,Petrol,B,958,TRUE,TRUE,FALSE,TRUE,FALSE,1529193600
12997,1052,Petrol,B,1971,TRUE,TRUE,FALSE,TRUE,FALSE,1529107200
12998,1053,Petrol,B,1225,TRUE,TRUE,TRUE,FALSE,FALSE,1528070400
12999,1054,Petrol,B,1789,FALSE,TRUE,TRUE,FALSE,TRUE,1529884800
13000,1055,Petrol,B,523,FALSE,TRUE,FALSE,TRUE,TRUE,1530230400
13001,1056,Petrol,B,1548,TRUE,TRUE,TRUE,TRUE,TRUE,1529712000
13002,1057,Petrol,B,1524,FALSE,FALSE,TRUE,FALSE,FALSE,1528243200
13003,1058,Petrol,B,752,TRUE,FALSE,TRUE,FALSE,TRUE,1529280000
13004,1059,Petrol,B,1787,FALSE,TRUE,TRUE,FALSE,FALSE,1528329600
13005,1060,Petrol,B,1416,TRUE,FALSE,FALSE,TRUE,TRUE,1527897600
13006,1061,Petrol,B,1685,TRUE,FALSE,FALSE,TRUE,TRUE,1529107200
13007,1062,Petrol,B,920,FALSE,FALSE,FALSE,FALSE,FALSE,1529020800
13008,1063,Petrol,B,1976,TRUE,TRUE,TRUE,FALSE,TRUE,1529798400
13009,1064,Petrol,B,2353,TRUE,TRUE,TRUE,TRUE,FALSE,1528675200
13010,1065,Petrol,B,1045,TRUE,FALSE,TRUE,TRUE,FALSE,1529366400
13011,1066,Petrol,B,1998,TRUE,FALSE,TRUE,FALSE,FALSE,1528934400
13012,1067,Petrol,B,593,FALSE,FALSE,TRUE,FALSE,TRUE,1527984000
13013,1068,Petrol,B,1994,TRUE,TRUE,FALSE,TRUE,FALSE,1528243200
13014,1069,Petrol,B,1595,FALSE,FALSE,FALSE,FALSE,TRUE,1528848000
13015,1070,Petrol,B,2181,FALSE,TRUE,FALSE,TRUE,FALSE,1529625600
13016,1071,Petrol,B,2403,FALSE,FALSE,TRUE,TRUE,FALSE,1529107200
13017,1072,Petrol,B,1918,TRUE,FALSE,FALSE,TRUE,FALSE,1528416000
13018,1073,Petrol,B,1651,FALSE,TRUE,TRUE,FALSE,TRUE,1528675200
13019,1074,Petrol,B,541,TRUE,TRUE,TRUE,FALSE,FALSE,1530144000
13020,1075,Petrol,B,1164,TRUE,TRUE,FALSE,FALSE,FALSE,1530316800
13021,1076,Petrol,B,2289,FALSE,TRUE,FALSE,FALSE,FALSE,1529107200
13022,1077,Petrol,B,1519,FALSE,TRUE,TRUE,FALSE,TRUE,1528675200
13023,1078,Petrol,B,1840,TRUE,FALSE,TRUE,TRUE,TRUE,1528156800
13024,1079,Petrol,B,1798,FALSE,FALSE,FALSE,FALSE,TRUE,1529452800
13025,1080,Petrol,B,933,FALSE,FALSE,TRUE,TRUE,FALSE,1529020800
13026,1081,Petrol,B,2291,FALSE,FALSE,FALSE,TRUE,TRUE,1530057600
13027,1082,Petrol,B,648,TRUE,FALSE,FALSE,TRUE,FALSE,1530144000
13028,1083,Petrol,B,1933,TRUE,FALSE,TRUE,FALSE,FALSE,1529971200
13029,1084,Petrol,B,911,FALSE,FALSE,FALSE,FALSE,FALSE,1530230400
13030,1085,Petrol,B,2299,TRUE,FALSE,TRUE,TRUE,TRUE,1528588800
13031,1086,Petrol,B,620,FALSE,TRUE,TRUE,FALSE,FALSE,1530057600
13032,1087,Petrol,B,2418,FALSE,TRUE,FALSE,TRUE,FALSE,1530057600
13033,1088,Petrol,B,1785,TRUE,FALSE,FALSE,FALSE,FALSE,1529280000
13034,1089,Petrol,B,2139,TRUE,TRUE,TRUE,FALSE,FALSE,1528070400
13035,1090,Petrol,B,2023,FALSE,TRUE,TRUE,TRUE,TRUE,1529712000
13036,1091,Petrol,B,2099,FALSE,FALSE,FALSE,FALSE,TRUE,1528243200
13037,1092,Petrol,B,1559,TRUE,FALSE,FALSE,TRUE,FALSE,1529366400
13038,1093,Petrol,B,1277,FALSE,FALSE,FALSE,TRUE,TRUE,1528675200
13039,1094,Petrol,B,2487,TRUE,TRUE,FALSE,FALSE,TRUE,1530230400
13040,1095,Petrol,B,1717,FALSE,FALSE,FALSE,TRUE,TRUE,1527897600
13041,1096,Petrol,B,2342,TRUE,TRUE,FALSE,FALSE,FALSE,1528934400
13042,1097,Petrol,B,717,FALSE,TRUE,TRUE,TRUE,FALSE,1527811200
13043,1098,Petrol,B,1533,FALSE,FALSE,FALSE,TRUE,FALSE,1529107200
13044,1099,Petrol,B,751,TRUE,FALSE,TRUE,FALSE,FALSE,1529712000
13045,1100,Petrol,B,2277,TRUE,FALSE,FALSE,FALSE,TRUE,1532822400
13046,1101,Petrol,B,2205,FALSE,FALSE,FALSE,FALSE,TRUE,1530835200
13047,1102,Petrol,B,1095,TRUE,FALSE,FALSE,FALSE,TRUE,1530748800
13048,1103,Petrol,B,552,FALSE,FALSE,TRUE,TRUE,TRUE,1532304000
13049,1104,Petrol,B,2489,TRUE,FALSE,TRUE,FALSE,FALSE,1532390400
13050,1105,Petrol,B,2345,TRUE,TRUE,TRUE,FALSE,FALSE,1532131200
13051,1106,Petrol,B,1712,FALSE,FALSE,TRUE,FALSE,FALSE,1530748800
13052,1107,Petrol,B,2326,TRUE,FALSE,TRUE,TRUE,TRUE,1532304000
13053,1108,Petrol,B,505,FALSE,FALSE,FALSE,TRUE,TRUE,1530835200
13054,1109,Petrol,B,882,FALSE,FALSE,FALSE,FALSE,TRUE,1532304000
13055,1110,Petrol,B,837,TRUE,FALSE,FALSE,TRUE,FALSE,1531872000
13056,1111,Petrol,B,2418,FALSE,TRUE,TRUE,FALSE,TRUE,1530576000
13057,1112,Petrol,B,625,FALSE,TRUE,TRUE,TRUE,FALSE,1532390400
13058,1113,Petrol,B,1643,TRUE,TRUE,FALSE,TRUE,FALSE,1532044800
13059,1114,Petrol,B,1564,FALSE,FALSE,FALSE,TRUE,FALSE,1532736000
13060,1115,Petrol,B,1642,FALSE,FALSE,FALSE,TRUE,TRUE,1531440000
13061,1116,Petrol,B,1354,FALSE,TRUE,FALSE,FALSE,FALSE,1532390400
13062,1117,Petrol,B,1614,TRUE,TRUE,FALSE,FALSE,TRUE,1531440000
13063,1118,Petrol,B,1764,TRUE,TRUE,TRUE,FALSE,TRUE,1530576000
13064,1119,Petrol,B,1848,TRUE,TRUE,TRUE,FALSE,TRUE,1531872000
13065,1120,Petrol,B,953,TRUE,TRUE,FALSE,TRUE,TRUE,1531008000
13066,1121,Petrol,B,2009,FALSE,FALSE,FALSE,FALSE,TRUE,1530576000
13067,1122,Petrol,B,1726,FALSE,TRUE,FALSE,TRUE,TRUE,1532563200
13068,1123,Petrol,B,741,TRUE,TRUE,TRUE,FALSE,TRUE,1532476800
13069,1124,Petrol,B,2467,FALSE,FALSE,TRUE,FALSE,FALSE,1531785600
13070,1125,Petrol,B,775,FALSE,TRUE,TRUE,TRUE,TRUE,1531612800
13071,1126,Petrol,B,1545,TRUE,FALSE,FALSE,TRUE,FALSE,1531958400
13072,1127,Petrol,B,631,TRUE,FALSE,FALSE,TRUE,TRUE,1531526400
13073,1128,Petrol,B,2250,TRUE,TRUE,TRUE,FALSE,FALSE,1532390400
13074,1129,Petrol,B,1741,FALSE,FALSE,FALSE,TRUE,FALSE,1530921600
13075,1130,Petrol,B,1668,FALSE,TRUE,FALSE,TRUE,FALSE,1532736000
13076,1131,Petrol,B,1303,TRUE,TRUE,TRUE,FALSE,TRUE,1532044800
13077,1132,Petrol,B,691,TRUE,FALSE,TRUE,TRUE,FALSE,1530921600
13078,1133,Petrol,B,1157,TRUE,FALSE,TRUE,TRUE,FALSE,1530921600
13079,1134,Petrol,B,648,TRUE,FALSE,FALSE,TRUE,FALSE,1531526400
13080,1135,Petrol,B,563,FALSE,FALSE,TRUE,TRUE,TRUE,1530748800
13081,1136,Petrol,B,2040,TRUE,TRUE,TRUE,FALSE,TRUE,1530489600
13082,1137,Petrol,B,1211,FALSE,FALSE,TRUE,FALSE,FALSE,1531267200
13083,1138,Petrol,B,1666,FALSE,TRUE,TRUE,TRUE,FALSE,1531526400
13084,1139,Petrol,B,1140,FALSE,TRUE,FALSE,FALSE,FALSE,1531440000
13085,1140,Petrol,B,2108,FALSE,FALSE,FALSE,FALSE,TRUE,1532217600
13086,1141,Petrol,B,1734,TRUE,FALSE,FALSE,FALSE,TRUE,1531094400
13087,1142,Petrol,B,1281,FALSE,FALSE,FALSE,FALSE,FALSE,1531180800
13088,1143,Petrol,B,1926,FALSE,FALSE,TRUE,FALSE,TRUE,1530748800
13089,1144,Petrol,B,2095,TRUE,FALSE,FALSE,TRUE,FALSE,1532736000
13090,1145,Petrol,B,2199,FALSE,FALSE,TRUE,TRUE,TRUE,1532563200
13091,1146,Petrol,B,611,TRUE,FALSE,FALSE,TRUE,FALSE,1531699200
13092,1147,Petrol,B,2117,TRUE,TRUE,TRUE,TRUE,TRUE,1530489600
13093,1148,Petrol,B,1427,FALSE,FALSE,FALSE,TRUE,TRUE,1532304000
13094,1149,Petrol,B,2141,FALSE,TRUE,TRUE,TRUE,TRUE,1531440000
13095,1150,Petrol,B,1286,TRUE,TRUE,TRUE,TRUE,TRUE,1531958400
13096,1151,Petrol,B,521,TRUE,TRUE,TRUE,FALSE,FALSE,1532563200
13097,1152,Petrol,B,1002,FALSE,TRUE,TRUE,FALSE,TRUE,1531872000
13098,1153,Petrol,B,1425,TRUE,FALSE,FALSE,FALSE,FALSE,1532908800
13099,1154,Petrol,B,1796,TRUE,TRUE,FALSE,TRUE,TRUE,1530662400
13100,1155,Petrol,B,1627,TRUE,TRUE,TRUE,TRUE,FALSE,1531267200
13101,1156,Petrol,B,1019,TRUE,FALSE,TRUE,FALSE,FALSE,1532476800
13102,1157,Petrol,B,1492,FALSE,FALSE,FALSE,TRUE,FALSE,1531526400
13103,1158,Petrol,B,2220,FALSE,TRUE,TRUE,TRUE,TRUE,1531094400
13104,1159,Petrol,B,705,FALSE,TRUE,FALSE,TRUE,TRUE,1531612800
13105,1160,Petrol,B,1925,TRUE,FALSE,FALSE,FALSE,FALSE,1530835200
13106,1161,Petrol,B,1673,TRUE,FALSE,FALSE,FALSE,TRUE,1531267200
13107,1162,Petrol,B,2359,TRUE,TRUE,TRUE,TRUE,TRUE,1532044800
13108,1163,Petrol,B,1857,TRUE,TRUE,FALSE,TRUE,TRUE,1530489600
13109,1164,Petrol,B,2235,TRUE,FALSE,FALSE,TRUE,TRUE,1532736000
13110,1165,Petrol,B,1192,TRUE,TRUE,TRUE,FALSE,FALSE,1531612800
13111,1166,Petrol,B,1490,FALSE,TRUE,FALSE,TRUE,TRUE,1531440000
13112,1167,Petrol,B,2156,TRUE,TRUE,TRUE,TRUE,TRUE,1531612800
13113,1168,Petrol,B,2241,FALSE,TRUE,FALSE,TRUE,FALSE,1530748800
13114,1169,Petrol,B,2052,FALSE,TRUE,TRUE,TRUE,FALSE,1531008000
13115,1170,Petrol,B,1371,FALSE,TRUE,FALSE,TRUE,TRUE,1531180800
13116,1171,Petrol,B,1351,TRUE,TRUE,FALSE,TRUE,FALSE,1532217600
13117,1172,Petrol,B,1008,FALSE,FALSE,FALSE,TRUE,FALSE,1531267200
13118,1173,Petrol,B,1798,FALSE,TRUE,FALSE,TRUE,FALSE,1530662400
13119,1174,Petrol,B,1253,FALSE,TRUE,TRUE,TRUE,FALSE,1530403200
13120,1175,Petrol,B,1939,TRUE,FALSE,FALSE,FALSE,FALSE,1531008000
13121,1176,Petrol,B,2475,TRUE,FALSE,TRUE,FALSE,FALSE,1532476800
13122,1177,Petrol,B,1949,FALSE,TRUE,FALSE,FALSE,TRUE,1531440000
13123,1178,Petrol,B,1143,TRUE,FALSE,TRUE,TRUE,TRUE,1532476800
13124,1179,Petrol,B,2084,FALSE,TRUE,FALSE,TRUE,FALSE,1530403200
13125,1180,Petrol,B,2434,TRUE,TRUE,FALSE,FALSE,TRUE,1532217600
13126,1181,Petrol,B,2313,FALSE,FALSE,FALSE,TRUE,FALSE,1532476800
13127,1182,Petrol,B,500,FALSE,TRUE,FALSE,FALSE,FALSE,1532476800
13128,1183,Petrol,B,1977,TRUE,FALSE,TRUE,FALSE,TRUE,1532908800
13129,1184,Petrol,B,1195,TRUE,TRUE,TRUE,FALSE,FALSE,1532044800
13130,1185,Petrol,B,1163,FALSE,FALSE,FALSE,FALSE,TRUE,1531526400
13131,1186,Petrol,B,2010,TRUE,FALSE,FALSE,TRUE,TRUE,1531699200
13132,1187,Petrol,B,532,TRUE,TRUE,TRUE,FALSE,TRUE,1531785600
13133,1188,Petrol,B,2478,FALSE,FALSE,FALSE,FALSE,FALSE,1532304000
13134,1189,Petrol,B,1388,TRUE,FALSE,FALSE,FALSE,FALSE,1531612800
13135,1190,Petrol,B,1076,TRUE,FALSE,FALSE,FALSE,FALSE,1532390400
13136,1191,Petrol,B,564,FALSE,FALSE,TRUE,TRUE,TRUE,1530403200
13137,1192,Petrol,B,1225,FALSE,FALSE,TRUE,FALSE,FALSE,1531785600
13138,1193,Petrol,B,2295,FALSE,TRUE,TRUE,TRUE,FALSE,1532476800
13139,1194,Petrol,B,2285,TRUE,FALSE,TRUE,TRUE,TRUE,1532304000
13140,1195,Petrol,B,508,TRUE,FALSE,TRUE,TRUE,FALSE,1532736000
13141,1196,Petrol,B,1967,TRUE,FALSE,FALSE,FALSE,TRUE,1530835200
13142,1197,Petrol,B,1553,FALSE,FALSE,TRUE,TRUE,TRUE,1531180800
13143,1198,Petrol,B,2141,FALSE,TRUE,FALSE,FALSE,FALSE,1530576000
13144,1199,Petrol,B,2102,TRUE,FALSE,TRUE,TRUE,FALSE,1532822400
13145,1200,Petrol,B,1662,FALSE,TRUE,TRUE,TRUE,FALSE,1533427200
13146,1201,Petrol,B,910,FALSE,TRUE,FALSE,FALSE,FALSE,1535328000
13147,1202,Petrol,B,2402,FALSE,TRUE,FALSE,TRUE,FALSE,1533859200
13148,1203,Petrol,B,1731,TRUE,FALSE,FALSE,FALSE,FALSE,1534550400
13149,1204,Petrol,B,557,TRUE,FALSE,TRUE,TRUE,FALSE,1535068800
13150,1205,Petrol,B,1377,TRUE,FALSE,FALSE,TRUE,FALSE,1533859200
13151,1206,Petrol,B,2301,TRUE,FALSE,FALSE,FALSE,FALSE,1535587200
13152,1207,Petrol,B,1157,FALSE,FALSE,TRUE,FALSE,FALSE,1533254400
13153,1208,Petrol,B,629,TRUE,FALSE,TRUE,TRUE,FALSE,1533513600
13154,1209,Petrol,B,2255,FALSE,TRUE,FALSE,TRUE,FALSE,1535587200
13155,1210,Petrol,B,974,FALSE,TRUE,TRUE,FALSE,FALSE,1533168000
13156,1211,Petrol,B,1399,TRUE,FALSE,FALSE,TRUE,FALSE,1534464000
13157,1212,Petrol,B,1612,FALSE,TRUE,TRUE,FALSE,FALSE,1533168000
13158,1213,Petrol,B,2410,TRUE,FALSE,TRUE,TRUE,TRUE,1533254400
13159,1214,Petrol,B,1545,FALSE,TRUE,FALSE,TRUE,TRUE,1535241600
13160,1215,Petrol,B,1566,TRUE,TRUE,FALSE,FALSE,TRUE,1534204800
13161,1216,Petrol,B,703,TRUE,FALSE,FALSE,TRUE,TRUE,1534982400
13162,1217,Petrol,B,1441,TRUE,TRUE,TRUE,TRUE,TRUE,1535155200
13163,1218,Petrol,B,1005,TRUE,TRUE,TRUE,FALSE,TRUE,1533254400
13164,1219,Petrol,B,2163,TRUE,FALSE,FALSE,TRUE,FALSE,1533340800
13165,1220,Petrol,B,1835,TRUE,FALSE,TRUE,TRUE,TRUE,1534204800
13166,1221,Petrol,B,2033,FALSE,TRUE,TRUE,TRUE,TRUE,1535241600
13167,1222,Petrol,B,1950,TRUE,TRUE,FALSE,FALSE,FALSE,1534464000
13168,1223,Petrol,B,699,FALSE,FALSE,TRUE,FALSE,TRUE,1534723200
13169,1224,Petrol,B,817,FALSE,FALSE,TRUE,FALSE,FALSE,1535587200
13170,1225,Petrol,B,2435,TRUE,FALSE,TRUE,FALSE,TRUE,1534204800
13171,1226,Petrol,B,1216,FALSE,FALSE,FALSE,TRUE,FALSE,1534896000
13172,1227,Petrol,B,705,FALSE,TRUE,TRUE,TRUE,FALSE,1533859200
13173,1228,Petrol,B,2443,FALSE,FALSE,TRUE,TRUE,TRUE,1534464000
13174,1229,Petrol,B,1398,TRUE,FALSE,TRUE,FALSE,FALSE,1535241600
13175,1230,Petrol,B,2471,FALSE,TRUE,TRUE,TRUE,TRUE,1535068800
13176,1231,Petrol,B,1854,TRUE,FALSE,TRUE,TRUE,FALSE,1534896000
13177,1232,Petrol,B,675,FALSE,FALSE,TRUE,FALSE,TRUE,1535414400
13178,1233,Petrol,B,1035,TRUE,FALSE,FALSE,FALSE,FALSE,1535587200
13179,1234,Petrol,B,926,TRUE,TRUE,FALSE,TRUE,FALSE,1533427200
13180,1235,Petrol,B,2171,FALSE,TRUE,TRUE,TRUE,TRUE,1534032000
13181,1236,Petrol,B,2064,TRUE,TRUE,FALSE,TRUE,FALSE,1535587200
13182,1237,Petrol,B,934,TRUE,TRUE,FALSE,TRUE,TRUE,1535155200
13183,1238,Petrol,B,1681,FALSE,TRUE,TRUE,TRUE,TRUE,1533600000
13184,1239,Petrol,B,1556,TRUE,FALSE,TRUE,FALSE,TRUE,1534464000
13185,1240,Petrol,B,2111,TRUE,FALSE,FALSE,TRUE,TRUE,1534896000
13186,1241,Petrol,B,2048,FALSE,FALSE,TRUE,TRUE,TRUE,1534982400
13187,1242,Petrol,B,507,FALSE,FALSE,FALSE,TRUE,FALSE,1533600000
13188,1243,Petrol,B,1799,TRUE,FALSE,FALSE,FALSE,TRUE,1534118400
13189,1244,Petrol,B,2292,TRUE,FALSE,TRUE,TRUE,FALSE,1533945600
13190,1245,Petrol,B,2143,FALSE,FALSE,TRUE,FALSE,FALSE,1534982400
13191,1246,Petrol,B,2198,FALSE,TRUE,TRUE,TRUE,TRUE,1534464000
13192,1247,Petrol,B,581,TRUE,FALSE,FALSE,TRUE,FALSE,1533686400
13193,1248,Petrol,B,2364,TRUE,TRUE,FALSE,FALSE,FALSE,1534204800
13194,1249,Petrol,B,533,TRUE,FALSE,TRUE,FALSE,FALSE,1533600000
13195,1250,Petrol,B,1911,TRUE,TRUE,TRUE,FALSE,TRUE,1534982400
13196,1251,Petrol,B,1559,FALSE,FALSE,TRUE,FALSE,TRUE,1534809600
13197,1252,Petrol,B,2477,FALSE,FALSE,FALSE,TRUE,FALSE,1534377600
13198,1253,Petrol,B,878,FALSE,FALSE,FALSE,FALSE,FALSE,1534896000
13199,1254,Petrol,B,1090,FALSE,FALSE,TRUE,FALSE,FALSE,1533340800
13200,1255,Petrol,B,909,FALSE,FALSE,FALSE,TRUE,TRUE,1535068800
13201,1256,Petrol,B,833,FALSE,TRUE,FALSE,FALSE,FALSE,1533945600
13202,1257,Petrol,B,1031,TRUE,TRUE,TRUE,FALSE,FALSE,1533427200
13203,1258,Petrol,B,1947,FALSE,TRUE,FALSE,TRUE,FALSE,1534982400
13204,1259,Petrol,B,1757,TRUE,TRUE,FALSE,TRUE,TRUE,1534550400
13205,1260,Petrol,B,993,FALSE,FALSE,TRUE,TRUE,FALSE,1533168000
13206,1261,Petrol,B,1078,FALSE,TRUE,TRUE,FALSE,TRUE,1533427200
13207,1262,Petrol,B,1349,FALSE,TRUE,TRUE,FALSE,FALSE,1534723200
13208,1263,Petrol,B,1801,TRUE,FALSE,TRUE,FALSE,TRUE,1533427200
13209,1264,Petrol,B,511,TRUE,FALSE,FALSE,FALSE,TRUE,1533254400
13210,1265,Petrol,B,1709,FALSE,FALSE,FALSE,TRUE,TRUE,1534982400
13211,1266,Petrol,B,973,FALSE,TRUE,TRUE,FALSE,TRUE,1533686400
13212,1267,Petrol,B,747,FALSE,FALSE,TRUE,FALSE,TRUE,1534636800
13213,1268,Petrol,B,1102,TRUE,FALSE,FALSE,TRUE,FALSE,1533513600
13214,1269,Petrol,B,1878,FALSE,TRUE,FALSE,TRUE,TRUE,1534291200
13215,1270,Petrol,B,975,FALSE,TRUE,FALSE,FALSE,FALSE,1534464000
13216,1271,Petrol,B,803,TRUE,TRUE,FALSE,FALSE,TRUE,1534636800
13217,1272,Petrol,B,2339,TRUE,TRUE,FALSE,TRUE,TRUE,1535587200
13218,1273,Petrol,B,1340,TRUE,FALSE,TRUE,FALSE,FALSE,1534464000
13219,1274,Petrol,B,1539,TRUE,TRUE,FALSE,TRUE,TRUE,1534377600
13220,1275,Petrol,B,1364,FALSE,FALSE,FALSE,TRUE,TRUE,1534982400
13221,1276,Petrol,B,1083,TRUE,FALSE,FALSE,FALSE,TRUE,1535241600
13222,1277,Petrol,B,2380,TRUE,FALSE,TRUE,TRUE,FALSE,1535587200
13223,1278,Petrol,B,2238,FALSE,TRUE,FALSE,FALSE,TRUE,1535155200
13224,1279,Petrol,B,2192,FALSE,TRUE,TRUE,TRUE,TRUE,1535587200
13225,1280,Petrol,B,1302,TRUE,TRUE,FALSE,FALSE,FALSE,1534464000
13226,1281,Petrol,B,773,TRUE,FALSE,FALSE,TRUE,FALSE,1533513600
13227,1282,Petrol,B,2107,FALSE,TRUE,FALSE,TRUE,FALSE,1535414400
13228,1283,Petrol,B,1212,TRUE,FALSE,TRUE,FALSE,TRUE,1535155200
13229,1284,Petrol,B,1090,FALSE,FALSE,TRUE,TRUE,FALSE,1535414400
13230,1285,Petrol,B,1689,FALSE,TRUE,TRUE,TRUE,TRUE,1533945600
13231,1286,Petrol,B,1390,FALSE,FALSE,TRUE,TRUE,FALSE,1533945600
13232,1287,Petrol,B,2403,TRUE,TRUE,FALSE,FALSE,TRUE,1534464000
13233,1288,Petrol,B,1525,TRUE,FALSE,TRUE,TRUE,FALSE,1535587200
13234,1289,Petrol,B,2268,FALSE,TRUE,TRUE,TRUE,TRUE,1533600000
13235,1290,Petrol,B,1261,FALSE,FALSE,FALSE,TRUE,TRUE,1535241600
13236,1291,Petrol,B,1538,FALSE,TRUE,TRUE,TRUE,TRUE,1533168000
13237,1292,Petrol,B,1536,TRUE,FALSE,FALSE,TRUE,TRUE,1534464000
13238,1293,Petrol,B,1704,FALSE,TRUE,TRUE,FALSE,FALSE,1534204800
13239,1294,Petrol,B,2018,FALSE,TRUE,TRUE,TRUE,TRUE,1534550400
13240,1295,Petrol,B,1967,FALSE,TRUE,TRUE,FALSE,FALSE,1534809600
13241,1296,Petrol,B,1884,TRUE,FALSE,FALSE,TRUE,TRUE,1533686400
13242,1297,Petrol,B,2253,TRUE,FALSE,TRUE,FALSE,TRUE,1533254400
13243,1298,Petrol,B,1969,TRUE,FALSE,TRUE,FALSE,TRUE,1535241600
13244,1299,Petrol,B,667,FALSE,FALSE,FALSE,FALSE,FALSE,1533254400
13245,1300,Petrol,B,1584,FALSE,FALSE,FALSE,FALSE,TRUE,1535932800
13246,1301,Petrol,B,577,TRUE,FALSE,TRUE,FALSE,TRUE,1536883200
13247,1302,Petrol,B,2441,FALSE,FALSE,TRUE,FALSE,FALSE,1538179200
13248,1303,Petrol,B,616,TRUE,FALSE,TRUE,TRUE,TRUE,1537401600
13249,1304,Petrol,B,1801,TRUE,TRUE,FALSE,TRUE,FALSE,1536710400
13250,1305,Petrol,B,1613,FALSE,FALSE,TRUE,FALSE,TRUE,1537315200
13251,1306,Petrol,B,1893,FALSE,TRUE,FALSE,FALSE,TRUE,1535760000
13252,1307,Petrol,B,1280,FALSE,TRUE,TRUE,TRUE,TRUE,1537228800
13253,1308,Petrol,B,1698,TRUE,TRUE,FALSE,FALSE,FALSE,1537920000
13254,1309,Petrol,B,578,FALSE,TRUE,FALSE,FALSE,TRUE,1537747200
13255,1310,Petrol,B,2085,FALSE,FALSE,TRUE,TRUE,FALSE,1538092800
13256,1311,Petrol,B,1258,FALSE,FALSE,TRUE,TRUE,FALSE,1536624000
13257,1312,Petrol,B,1150,TRUE,TRUE,TRUE,TRUE,FALSE,1535760000
13258,1313,Petrol,B,762,TRUE,TRUE,FALSE,TRUE,FALSE,1536969600
13259,1314,Petrol,B,1418,FALSE,FALSE,FALSE,FALSE,FALSE,1535846400
13260,1315,Petrol,B,1784,TRUE,TRUE,TRUE,TRUE,TRUE,1536105600
13261,1316,Petrol,B,1278,FALSE,TRUE,TRUE,FALSE,TRUE,1537056000
13262,1317,Petrol,B,1312,FALSE,TRUE,TRUE,FALSE,TRUE,1536710400
13263,1318,Petrol,B,1755,FALSE,TRUE,TRUE,TRUE,FALSE,1537228800
13264,1319,Petrol,B,954,TRUE,TRUE,FALSE,FALSE,FALSE,1536710400
13265,1320,Petrol,B,1451,FALSE,TRUE,FALSE,TRUE,TRUE,1535760000
13266,1321,Petrol,B,2485,TRUE,FALSE,TRUE,TRUE,TRUE,1536192000
13267,1322,Petrol,B,2380,FALSE,TRUE,TRUE,FALSE,TRUE,1536364800
13268,1323,Petrol,B,1573,TRUE,TRUE,FALSE,FALSE,TRUE,1536796800
13269,1324,Petrol,B,2220,FALSE,FALSE,FALSE,TRUE,TRUE,1536019200
13270,1325,Petrol,B,2070,FALSE,TRUE,TRUE,TRUE,FALSE,1536451200
13271,1326,Petrol,B,1995,FALSE,FALSE,TRUE,TRUE,TRUE,1537056000
13272,1327,Petrol,B,578,FALSE,FALSE,FALSE,FALSE,TRUE,1538179200
13273,1328,Petrol,B,1142,FALSE,TRUE,FALSE,FALSE,TRUE,1537142400
13274,1329,Petrol,B,2023,TRUE,TRUE,FALSE,TRUE,TRUE,1538006400
13275,1330,Petrol,B,2391,FALSE,TRUE,TRUE,FALSE,FALSE,1536969600
13276,1331,Petrol,B,1337,TRUE,TRUE,TRUE,FALSE,FALSE,1536364800
13277,1332,Petrol,B,2384,FALSE,FALSE,FALSE,TRUE,TRUE,1537056000
13278,1333,Petrol,B,1782,FALSE,TRUE,FALSE,FALSE,FALSE,1536451200
13279,1334,Petrol,B,2458,FALSE,FALSE,FALSE,TRUE,TRUE,1538265600
13280,1335,Petrol,B,1680,TRUE,FALSE,TRUE,TRUE,FALSE,1538006400
13281,1336,Petrol,B,1528,FALSE,FALSE,FALSE,FALSE,FALSE,1536105600
13282,1337,Petrol,B,2386,TRUE,TRUE,TRUE,TRUE,TRUE,1537488000
13283,1338,Petrol,B,531,FALSE,FALSE,FALSE,TRUE,FALSE,1537660800
13284,1339,Petrol,B,2490,FALSE,FALSE,TRUE,FALSE,FALSE,1537315200
13285,1340,Petrol,B,1493,TRUE,TRUE,FALSE,TRUE,FALSE,1537574400
13286,1341,Petrol,B,2195,TRUE,TRUE,FALSE,FALSE,TRUE,1537228800
13287,1342,Petrol,B,1004,TRUE,TRUE,FALSE,FALSE,FALSE,1537833600
13288,1343,Petrol,B,698,TRUE,FALSE,FALSE,TRUE,FALSE,1537488000
13289,1344,Petrol,B,710,FALSE,TRUE,FALSE,FALSE,TRUE,1536192000
13290,1345,Petrol,B,858,FALSE,TRUE,FALSE,TRUE,FALSE,1537401600
13291,1346,Petrol,B,892,TRUE,FALSE,FALSE,TRUE,TRUE,1536192000
13292,1347,Petrol,B,2157,TRUE,TRUE,TRUE,TRUE,TRUE,1537747200
13293,1348,Petrol,B,1227,TRUE,TRUE,FALSE,TRUE,FALSE,1537142400
13294,1349,Petrol,B,733,FALSE,FALSE,FALSE,TRUE,FALSE,1536019200
13295,1350,Petrol,B,1471,TRUE,FALSE,TRUE,FALSE,TRUE,1538179200
13296,1351,Petrol,B,1546,FALSE,TRUE,FALSE,TRUE,TRUE,1537488000
13297,1352,Petrol,B,1391,FALSE,FALSE,FALSE,FALSE,FALSE,1536537600
13298,1353,Petrol,B,1971,TRUE,FALSE,TRUE,FALSE,TRUE,1536624000
13299,1354,Petrol,B,1609,FALSE,TRUE,TRUE,TRUE,TRUE,1538006400
13300,1355,Petrol,B,1868,TRUE,FALSE,TRUE,TRUE,TRUE,1537920000
13301,1356,Petrol,B,2057,FALSE,FALSE,FALSE,TRUE,TRUE,1536883200
13302,1357,Petrol,B,774,TRUE,FALSE,FALSE,TRUE,FALSE,1536710400
13303,1358,Petrol,B,1696,TRUE,FALSE,FALSE,FALSE,FALSE,1536624000
13304,1359,Petrol,B,1794,FALSE,FALSE,FALSE,FALSE,TRUE,1536105600
13305,1360,Petrol,B,1393,TRUE,TRUE,FALSE,TRUE,FALSE,1537056000
13306,1361,Petrol,B,2042,FALSE,FALSE,TRUE,TRUE,FALSE,1536624000
13307,1362,Petrol,B,1497,FALSE,FALSE,FALSE,FALSE,TRUE,1538179200
13308,1363,Petrol,B,2152,FALSE,FALSE,FALSE,FALSE,TRUE,1538006400
13309,1364,Petrol,B,643,TRUE,FALSE,FALSE,TRUE,TRUE,1535760000
13310,1365,Petrol,B,965,TRUE,TRUE,FALSE,TRUE,TRUE,1538092800
13311,1366,Petrol,B,1177,TRUE,TRUE,TRUE,FALSE,TRUE,1536278400
13312,1367,Petrol,B,856,FALSE,TRUE,FALSE,FALSE,FALSE,1536796800
13313,1368,Petrol,B,2473,FALSE,TRUE,TRUE,FALSE,TRUE,1536710400
13314,1369,Petrol,B,1112,FALSE,FALSE,FALSE,TRUE,TRUE,1538265600
13315,1370,Petrol,B,1104,FALSE,TRUE,FALSE,TRUE,TRUE,1537228800
13316,1371,Petrol,B,765,FALSE,FALSE,TRUE,TRUE,TRUE,1536019200
13317,1372,Petrol,B,2173,TRUE,TRUE,TRUE,TRUE,FALSE,1537833600
13318,1373,Petrol,B,1897,TRUE,FALSE,TRUE,TRUE,FALSE,1536883200
13319,1374,Petrol,B,1402,FALSE,TRUE,TRUE,FALSE,TRUE,1537401600
13320,1375,Petrol,B,1088,FALSE,TRUE,FALSE,TRUE,TRUE,1536192000
13321,1376,Petrol,B,1890,FALSE,TRUE,FALSE,FALSE,TRUE,1536278400
13322,1377,Petrol,B,526,FALSE,FALSE,TRUE,TRUE,FALSE,1536192000
13323,1378,Petrol,B,553,TRUE,TRUE,TRUE,FALSE,TRUE,1536192000
13324,1379,Petrol,B,1612,FALSE,FALSE,FALSE,TRUE,TRUE,1536883200
13325,1380,Petrol,B,1892,TRUE,TRUE,FALSE,FALSE,FALSE,1535760000
13326,1381,Petrol,B,1680,FALSE,FALSE,TRUE,FALSE,FALSE,1536278400
13327,1382,Petrol,B,999,FALSE,TRUE,FALSE,TRUE,TRUE,1536192000
13328,1383,Petrol,B,690,FALSE,FALSE,FALSE,FALSE,FALSE,1536451200
13329,1384,Petrol,B,1015,TRUE,FALSE,FALSE,TRUE,FALSE,1536105600
13330,1385,Petrol,B,2080,TRUE,FALSE,FALSE,TRUE,TRUE,1536019200
13331,1386,Petrol,B,1009,TRUE,TRUE,FALSE,TRUE,FALSE,1537056000
13332,1387,Petrol,B,1616,TRUE,FALSE,FALSE,TRUE,TRUE,1536969600
13333,1388,Petrol,B,630,TRUE,FALSE,TRUE,FALSE,FALSE,1537315200
13334,1389,Petrol,B,840,TRUE,FALSE,TRUE,FALSE,TRUE,1537056000
13335,1390,Petrol,B,2201,TRUE,FALSE,TRUE,TRUE,FALSE,1536883200
13336,1391,Petrol,B,2354,FALSE,TRUE,TRUE,TRUE,TRUE,1536537600
13337,1392,Petrol,B,1008,FALSE,TRUE,FALSE,TRUE,FALSE,1535846400
13338,1393,Petrol,B,1715,TRUE,TRUE,FALSE,TRUE,TRUE,1536710400
13339,1394,Petrol,B,1496,TRUE,FALSE,FALSE,TRUE,TRUE,1538006400
13340,1395,Petrol,B,2314,FALSE,TRUE,FALSE,FALSE,FALSE,1535932800
13341,1396,Petrol,B,758,TRUE,FALSE,TRUE,FALSE,FALSE,1538179200
13342,1397,Petrol,B,1427,TRUE,FALSE,TRUE,FALSE,FALSE,1535760000
13343,1398,Petrol,B,1101,FALSE,FALSE,TRUE,TRUE,TRUE,1537574400
13344,1399,Petrol,B,843,TRUE,FALSE,FALSE,TRUE,TRUE,1536192000
13345,1400,Petrol,B,1977,FALSE,FALSE,TRUE,TRUE,TRUE,1537747200
13346,1401,Petrol,B,1569,TRUE,FALSE,TRUE,TRUE,FALSE,1537488000
13347,1402,Petrol,B,1533,TRUE,TRUE,FALSE,FALSE,FALSE,1536969600
13348,1403,Petrol,B,1147,TRUE,TRUE,TRUE,TRUE,TRUE,1537660800
13349,1404,Petrol,B,1413,TRUE,FALSE,TRUE,TRUE,FALSE,1536019200
13350,1405,Petrol,B,1362,FALSE,FALSE,TRUE,FALSE,FALSE,1536105600
13351,1406,Petrol,B,1900,FALSE,FALSE,FALSE,FALSE,FALSE,1537747200
13352,1407,Petrol,B,1791,FALSE,TRUE,FALSE,FALSE,FALSE,1536019200
13353,1408,Petrol,B,1593,TRUE,FALSE,FALSE,TRUE,TRUE,1536883200
13354,1409,Petrol,B,2115,FALSE,TRUE,TRUE,TRUE,TRUE,1535846400
13355,1410,Petrol,B,693,TRUE,TRUE,TRUE,TRUE,FALSE,1536192000
13356,1411,Petrol,B,1939,FALSE,FALSE,TRUE,FALSE,TRUE,1535760000
13357,1412,Petrol,B,1191,FALSE,FALSE,TRUE,TRUE,FALSE,1537660800
13358,1413,Petrol,B,2272,TRUE,TRUE,FALSE,FALSE,TRUE,1536192000
13359,1414,Petrol,B,2134,FALSE,FALSE,TRUE,FALSE,FALSE,1537228800
13360,1415,Petrol,B,1357,TRUE,TRUE,FALSE,FALSE,TRUE,1537401600
13361,1416,Petrol,C,1067,TRUE,FALSE,TRUE,TRUE,FALSE,1536796800
13362,1417,Petrol,C,1636,TRUE,FALSE,FALSE,FALSE,FALSE,1537833600
13363,1418,Petrol,C,1986,TRUE,TRUE,TRUE,FALSE,FALSE,1538006400
13364,1419,Petrol,C,969,FALSE,FALSE,FALSE,FALSE,FALSE,1537056000
13365,1420,Petrol,C,789,FALSE,TRUE,TRUE,FALSE,FALSE,1538265600
13366,1421,Petrol,C,1116,TRUE,FALSE,TRUE,TRUE,FALSE,1537920000
13367,1422,Petrol,C,1195,FALSE,TRUE,TRUE,TRUE,FALSE,1537833600
13368,1423,Petrol,C,1180,FALSE,TRUE,TRUE,FALSE,FALSE,1538092800
13369,1424,Petrol,C,696,TRUE,FALSE,FALSE,FALSE,TRUE,1537574400
13370,1425,Petrol,C,1105,TRUE,TRUE,TRUE,FALSE,TRUE,1536537600
13371,1426,Petrol,C,1007,FALSE,TRUE,FALSE,FALSE,TRUE,1539648000
13372,1427,Petrol,C,585,TRUE,FALSE,FALSE,FALSE,TRUE,1540771200
13373,1428,Petrol,C,1384,TRUE,FALSE,FALSE,TRUE,FALSE,1540857600
13374,1429,Petrol,C,519,TRUE,FALSE,FALSE,TRUE,TRUE,1540857600
13375,1430,Petrol,C,1013,TRUE,FALSE,FALSE,FALSE,TRUE,1539216000
13376,1431,Petrol,C,695,FALSE,TRUE,TRUE,TRUE,FALSE,1538697600
13377,1432,Petrol,C,1184,FALSE,FALSE,FALSE,TRUE,TRUE,1540684800
13378,1433,Petrol,C,673,TRUE,FALSE,FALSE,TRUE,FALSE,1540857600
13379,1434,Petrol,C,2097,FALSE,FALSE,FALSE,FALSE,TRUE,1539648000
13380,1435,Petrol,C,2105,FALSE,FALSE,FALSE,FALSE,TRUE,1539993600
13381,1436,Petrol,C,555,TRUE,FALSE,TRUE,TRUE,FALSE,1538352000
13382,1437,Petrol,C,558,TRUE,TRUE,TRUE,FALSE,TRUE,1539648000
13383,1438,Petrol,C,640,TRUE,TRUE,FALSE,FALSE,TRUE,1540252800
13384,1439,Petrol,C,2012,FALSE,FALSE,FALSE,TRUE,FALSE,1539993600
13385,1440,Petrol,C,914,FALSE,TRUE,TRUE,FALSE,TRUE,1539648000
13386,1441,Petrol,C,1479,TRUE,TRUE,TRUE,FALSE,FALSE,1538956800
13387,1442,Petrol,C,2122,FALSE,FALSE,FALSE,TRUE,FALSE,1540857600
13388,1443,Petrol,C,948,TRUE,TRUE,FALSE,TRUE,TRUE,1539648000
13389,1444,Petrol,C,2371,TRUE,FALSE,TRUE,TRUE,FALSE,1540512000
13390,1445,Petrol,C,542,TRUE,FALSE,TRUE,TRUE,FALSE,1538784000
13391,1446,Petrol,C,2145,TRUE,FALSE,TRUE,FALSE,FALSE,1538524800
13392,1447,Petrol,C,1675,TRUE,TRUE,FALSE,FALSE,TRUE,1538784000
13393,1448,Petrol,C,825,TRUE,TRUE,FALSE,FALSE,FALSE,1540252800
13394,1449,Petrol,C,2018,TRUE,TRUE,FALSE,FALSE,FALSE,1540339200
13395,1450,Petrol,C,1352,FALSE,TRUE,FALSE,TRUE,TRUE,1539302400
13396,1451,Diesel,C,1433,TRUE,TRUE,TRUE,FALSE,FALSE,1540080000
13397,1452,Diesel,C,1866,TRUE,TRUE,TRUE,TRUE,FALSE,1538524800
13398,1453,Diesel,C,1772,FALSE,FALSE,TRUE,FALSE,FALSE,1540339200
13399,1454,Diesel,C,1428,FALSE,TRUE,TRUE,TRUE,TRUE,1540771200
13400,1455,Diesel,C,1773,FALSE,FALSE,TRUE,FALSE,TRUE,1539648000
13401,1456,Diesel,C,1951,FALSE,FALSE,FALSE,FALSE,FALSE,1540857600
13402,1457,Diesel,C,670,FALSE,FALSE,TRUE,FALSE,FALSE,1539129600
13403,1458,Diesel,C,965,TRUE,TRUE,FALSE,FALSE,FALSE,1540771200
13404,1459,Diesel,C,1780,FALSE,TRUE,FALSE,TRUE,FALSE,1540771200
13405,1460,Diesel,C,782,FALSE,FALSE,FALSE,FALSE,TRUE,1539302400
13406,1461,Diesel,C,2200,TRUE,TRUE,FALSE,FALSE,TRUE,1539129600
13407,1462,Diesel,C,2424,TRUE,TRUE,TRUE,FALSE,FALSE,1540339200
13408,1463,Diesel,C,2104,TRUE,FALSE,FALSE,TRUE,TRUE,1538438400
13409,1464,Diesel,C,852,TRUE,TRUE,TRUE,TRUE,FALSE,1538870400
13410,1465,Diesel,C,2126,FALSE,TRUE,TRUE,FALSE,TRUE,1540512000
13411,1466,Diesel,C,2396,TRUE,TRUE,FALSE,TRUE,FALSE,1538784000
13412,1467,Diesel,C,1658,TRUE,FALSE,TRUE,TRUE,TRUE,1539648000
13413,1468,Diesel,C,2264,TRUE,FALSE,TRUE,TRUE,TRUE,1538611200
13414,1469,Diesel,C,2393,TRUE,TRUE,TRUE,FALSE,FALSE,1539907200
13415,1470,Diesel,C,586,TRUE,TRUE,TRUE,TRUE,TRUE,1539907200
13416,1471,Diesel,C,874,TRUE,FALSE,TRUE,FALSE,FALSE,1539993600
13417,1472,Diesel,C,944,TRUE,TRUE,TRUE,TRUE,FALSE,1538697600
13418,1473,Diesel,C,1279,TRUE,TRUE,FALSE,FALSE,TRUE,1538352000
13419,1474,Diesel,C,2074,FALSE,FALSE,TRUE,TRUE,FALSE,1538352000
13420,1475,Diesel,C,1706,FALSE,TRUE,TRUE,TRUE,FALSE,1540598400
13421,1476,Diesel,C,1179,FALSE,FALSE,TRUE,FALSE,FALSE,1540166400
13422,1477,Diesel,C,1571,TRUE,TRUE,FALSE,TRUE,TRUE,1538611200
13423,1478,Diesel,C,1465,TRUE,TRUE,TRUE,TRUE,TRUE,1539129600
13424,1479,Diesel,C,1557,FALSE,TRUE,TRUE,TRUE,TRUE,1538784000
13425,1480,Diesel,C,832,TRUE,FALSE,TRUE,TRUE,FALSE,1538438400
13426,1481,Diesel,C,1146,FALSE,FALSE,FALSE,FALSE,TRUE,1538611200
13427,1482,Diesel,C,1577,TRUE,FALSE,FALSE,TRUE,FALSE,1539648000
13428,1483,Diesel,C,2356,TRUE,TRUE,TRUE,TRUE,FALSE,1540857600
13429,1484,Diesel,C,1437,FALSE,FALSE,FALSE,TRUE,FALSE,1540771200
13430,1485,Diesel,C,2436,TRUE,TRUE,TRUE,TRUE,FALSE,1540339200
13431,1486,Diesel,C,1427,FALSE,TRUE,FALSE,TRUE,FALSE,1540339200
13432,1487,Diesel,C,1949,FALSE,FALSE,TRUE,TRUE,TRUE,1539216000
13433,1488,Diesel,C,1875,TRUE,FALSE,FALSE,FALSE,FALSE,1538352000
13434,1489,Diesel,C,2167,TRUE,TRUE,TRUE,TRUE,FALSE,1538784000
13435,1490,Diesel,C,1170,TRUE,FALSE,TRUE,FALSE,FALSE,1540166400
13436,1491,Diesel,C,684,TRUE,TRUE,FALSE,TRUE,FALSE,1539302400
13437,1492,Diesel,C,2148,FALSE,TRUE,FALSE,TRUE,FALSE,1540512000
13438,1493,Diesel,C,635,TRUE,TRUE,FALSE,TRUE,TRUE,1540166400
13439,1494,Diesel,C,925,TRUE,FALSE,TRUE,TRUE,FALSE,1539820800
13440,1495,Diesel,C,709,TRUE,TRUE,FALSE,TRUE,TRUE,1540598400
13441,1496,Diesel,C,2075,FALSE,FALSE,TRUE,TRUE,FALSE,1540512000
13442,1497,Diesel,C,602,TRUE,TRUE,TRUE,TRUE,FALSE,1540857600
13443,1498,Diesel,C,2130,TRUE,FALSE,FALSE,FALSE,TRUE,1540080000
13444,1499,Diesel,C,1959,TRUE,TRUE,TRUE,FALSE,FALSE,1539734400
13445,1500,Diesel,C,780,FALSE,TRUE,TRUE,FALSE,FALSE,1540252800
13446,1501,Diesel,C,2126,FALSE,TRUE,TRUE,TRUE,FALSE,1540857600
13447,1502,Diesel,C,1768,TRUE,FALSE,FALSE,FALSE,TRUE,1538611200
13448,1503,Diesel,C,1637,FALSE,FALSE,FALSE,TRUE,TRUE,1539129600
13449,1504,Diesel,C,1889,FALSE,TRUE,FALSE,TRUE,TRUE,1540684800
13450,1505,Diesel,C,2146,TRUE,FALSE,TRUE,TRUE,TRUE,1539216000
13451,1506,Diesel,C,1355,TRUE,FALSE,FALSE,TRUE,FALSE,1538524800
13452,1507,Diesel,C,1082,FALSE,TRUE,FALSE,TRUE,TRUE,1539561600
13453,1508,Diesel,C,2394,FALSE,TRUE,TRUE,TRUE,FALSE,1540771200
13454,1509,Diesel,C,926,TRUE,TRUE,TRUE,TRUE,TRUE,1539734400
13455,1510,Diesel,C,892,FALSE,TRUE,TRUE,FALSE,TRUE,1540339200
13456,1511,Diesel,C,994,FALSE,FALSE,TRUE,TRUE,FALSE,1538438400
13457,1512,Diesel,C,2260,FALSE,TRUE,TRUE,FALSE,FALSE,1538438400
13458,1513,Diesel,C,1149,TRUE,TRUE,FALSE,TRUE,TRUE,1538956800
13459,1514,Diesel,C,2283,TRUE,FALSE,TRUE,FALSE,FALSE,1538524800
13460,1515,Diesel,C,1663,FALSE,TRUE,TRUE,FALSE,TRUE,1539648000
13461,1516,Diesel,C,2197,TRUE,TRUE,TRUE,FALSE,TRUE,1540339200
13462,1517,Diesel,C,1669,FALSE,FALSE,TRUE,FALSE,TRUE,1538697600
13463,1518,Diesel,C,1547,FALSE,FALSE,FALSE,TRUE,FALSE,1540425600
13464,1519,Diesel,C,899,FALSE,FALSE,TRUE,FALSE,FALSE,1539302400
13465,1520,Diesel,C,2439,FALSE,TRUE,TRUE,FALSE,TRUE,1539820800
13466,1521,Diesel,C,1867,FALSE,TRUE,FALSE,FALSE,TRUE,1541548800
13467,1522,Diesel,C,898,TRUE,TRUE,TRUE,FALSE,FALSE,1541203200
13468,1523,Diesel,C,962,TRUE,TRUE,FALSE,TRUE,FALSE,1541808000
13469,1524,Diesel,C,1875,TRUE,TRUE,FALSE,TRUE,FALSE,1542499200
13470,1525,Diesel,C,1157,FALSE,FALSE,TRUE,TRUE,FALSE,1543363200
13471,1526,Diesel,C,2376,FALSE,TRUE,FALSE,FALSE,TRUE,1541030400
13472,1527,Diesel,C,1523,TRUE,FALSE,TRUE,TRUE,FALSE,1542844800
13473,1528,Diesel,C,1850,TRUE,FALSE,FALSE,TRUE,FALSE,1542412800
13474,1529,Diesel,C,1828,TRUE,TRUE,FALSE,TRUE,TRUE,1543017600
13475,1530,Diesel,C,1140,FALSE,FALSE,FALSE,TRUE,FALSE,1541116800
13476,1531,Diesel,C,1208,TRUE,FALSE,TRUE,TRUE,FALSE,1542153600
13477,1532,Diesel,C,1716,FALSE,FALSE,TRUE,TRUE,FALSE,1543536000
13478,1533,Diesel,C,731,FALSE,TRUE,FALSE,FALSE,TRUE,1542758400
13479,1534,Diesel,C,1128,TRUE,TRUE,FALSE,FALSE,TRUE,1542326400
13480,1535,Diesel,C,1541,TRUE,FALSE,FALSE,FALSE,TRUE,1543276800
13481,1536,Diesel,C,2498,FALSE,TRUE,FALSE,TRUE,FALSE,1541116800
13482,1537,Diesel,C,2125,FALSE,FALSE,TRUE,TRUE,TRUE,1542067200
13483,1538,Diesel,C,2130,FALSE,FALSE,TRUE,TRUE,FALSE,1543276800
13484,1539,Diesel,C,863,TRUE,TRUE,FALSE,TRUE,TRUE,1542585600
13485,1540,Diesel,C,1635,TRUE,TRUE,TRUE,FALSE,FALSE,1542067200
13486,1541,Diesel,C,1403,TRUE,FALSE,FALSE,FALSE,FALSE,1542672000
13487,1542,Diesel,C,2470,FALSE,TRUE,TRUE,TRUE,TRUE,1542931200
13488,1543,Diesel,C,822,TRUE,TRUE,TRUE,FALSE,TRUE,1542240000
13489,1544,Diesel,C,2054,FALSE,TRUE,TRUE,FALSE,TRUE,1541203200
13490,1545,Diesel,C,2322,FALSE,TRUE,FALSE,FALSE,FALSE,1543017600
13491,1546,Diesel,C,950,TRUE,TRUE,TRUE,TRUE,TRUE,1543449600
13492,1547,Diesel,C,2026,FALSE,TRUE,FALSE,FALSE,TRUE,1541462400
13493,1548,Diesel,C,2000,FALSE,TRUE,TRUE,FALSE,TRUE,1543190400
13494,1549,Diesel,C,935,FALSE,FALSE,TRUE,TRUE,FALSE,1542931200
13495,1550,Diesel,C,1506,FALSE,TRUE,TRUE,TRUE,TRUE,1542758400
13496,1551,Diesel,C,520,FALSE,TRUE,FALSE,FALSE,TRUE,1541289600
13497,1552,Diesel,C,759,TRUE,FALSE,FALSE,FALSE,TRUE,1541980800
13498,1553,Diesel,C,2338,FALSE,TRUE,TRUE,TRUE,FALSE,1542499200
13499,1554,Diesel,C,1957,TRUE,TRUE,TRUE,FALSE,FALSE,1542067200
13500,1555,Diesel,C,2201,TRUE,TRUE,FALSE,TRUE,TRUE,1541289600
13501,1556,Diesel,C,1021,TRUE,FALSE,TRUE,TRUE,TRUE,1542326400
13502,1557,Diesel,C,1738,FALSE,FALSE,FALSE,TRUE,FALSE,1541462400
13503,1558,Diesel,C,629,TRUE,TRUE,FALSE,FALSE,TRUE,1542931200
13504,1559,Diesel,C,714,TRUE,TRUE,TRUE,FALSE,FALSE,1541203200
13505,1560,Diesel,C,1461,FALSE,FALSE,FALSE,TRUE,FALSE,1542844800
13506,1561,Diesel,C,2477,TRUE,TRUE,TRUE,FALSE,TRUE,1543190400
13507,1562,Diesel,C,1275,TRUE,FALSE,TRUE,FALSE,FALSE,1541462400
13508,1563,Diesel,C,1937,TRUE,TRUE,TRUE,FALSE,FALSE,1542240000
13509,1564,Diesel,C,1961,FALSE,FALSE,FALSE,TRUE,FALSE,1542844800
13510,1565,Diesel,C,2482,TRUE,FALSE,TRUE,TRUE,FALSE,1541030400
13511,1566,Diesel,C,2128,TRUE,FALSE,TRUE,FALSE,TRUE,1541203200
13512,1567,Diesel,C,1981,FALSE,TRUE,FALSE,TRUE,FALSE,1541030400
13513,1568,Diesel,C,1564,TRUE,FALSE,FALSE,TRUE,TRUE,1541808000
13514,1569,Diesel,C,2380,TRUE,FALSE,TRUE,FALSE,TRUE,1541289600
13515,1570,Diesel,C,867,TRUE,TRUE,TRUE,TRUE,FALSE,1542067200
13516,1571,Diesel,C,698,FALSE,TRUE,FALSE,FALSE,TRUE,1543276800
13517,1572,Diesel,C,1548,FALSE,TRUE,TRUE,FALSE,FALSE,1541635200
13518,1573,Diesel,C,2083,FALSE,TRUE,FALSE,FALSE,TRUE,1541808000
13519,1574,Diesel,C,757,TRUE,TRUE,FALSE,FALSE,FALSE,1543104000
13520,1575,Diesel,C,754,TRUE,TRUE,TRUE,FALSE,TRUE,1541635200
13521,1576,Diesel,C,2449,FALSE,TRUE,FALSE,FALSE,TRUE,1541203200
13522,1577,Diesel,C,600,FALSE,TRUE,FALSE,TRUE,FALSE,1543449600
13523,1578,Diesel,C,974,FALSE,TRUE,FALSE,FALSE,FALSE,1543449600
13524,1579,Diesel,C,1370,TRUE,TRUE,TRUE,FALSE,FALSE,1543449600
13525,1580,Diesel,C,1348,TRUE,FALSE,TRUE,FALSE,FALSE,1541462400
13526,1581,Diesel,C,834,TRUE,TRUE,TRUE,FALSE,FALSE,1541894400
13527,1582,Diesel,C,2464,FALSE,FALSE,TRUE,FALSE,TRUE,1541203200
13528,1583,Diesel,C,546,TRUE,FALSE,TRUE,FALSE,FALSE,1541030400
13529,1584,Diesel,C,676,TRUE,FALSE,FALSE,TRUE,TRUE,1543017600
13530,1585,Diesel,C,1487,TRUE,FALSE,FALSE,TRUE,FALSE,1541116800
13531,1586,Diesel,C,2296,FALSE,FALSE,FALSE,FALSE,TRUE,1541030400
13532,1587,Diesel,C,2365,FALSE,FALSE,TRUE,FALSE,FALSE,1542585600
13533,1588,Diesel,C,831,FALSE,TRUE,FALSE,FALSE,TRUE,1541808000
13534,1589,Diesel,C,2295,TRUE,FALSE,TRUE,TRUE,FALSE,1541980800
13535,1590,Diesel,C,1709,TRUE,TRUE,TRUE,TRUE,FALSE,1541116800
13536,1591,Diesel,C,2464,TRUE,FALSE,TRUE,TRUE,TRUE,1542499200
13537,1592,Diesel,C,1827,TRUE,FALSE,TRUE,TRUE,TRUE,1542758400
13538,1593,Diesel,C,1284,TRUE,TRUE,FALSE,FALSE,FALSE,1541462400
13539,1594,Diesel,C,1936,TRUE,FALSE,TRUE,FALSE,FALSE,1541203200
13540,1595,Diesel,C,1331,TRUE,FALSE,FALSE,TRUE,FALSE,1542672000
13541,1596,Diesel,C,2221,FALSE,FALSE,FALSE,FALSE,TRUE,1541289600
13542,1597,Diesel,C,1034,FALSE,TRUE,FALSE,FALSE,TRUE,1541116800
13543,1598,Diesel,C,637,FALSE,FALSE,TRUE,TRUE,FALSE,1541635200
13544,1599,Diesel,C,1579,TRUE,FALSE,TRUE,TRUE,TRUE,1541808000